fact_id,institution,kind,credit_code,label,raw_value,number,unit,display,source
STARS_score,berkeley,overall,,Score STARS global,86.76,86.76,,"86,76",https://reports.aashe.org/institutions/university-of-california-berkeley-ca/report/2025-02-19/
STARS_date,berkeley,meta,,Date de soumission STARS,"Feb. 19, 2025",,,19 février 2025,https://reports.aashe.org/institutions/university-of-california-berkeley-ca/report/2025-02-19/
AC1_score,berkeley,score,AC-1,Points obtenus — Sustainability Course Offerings,13.01,13.01,pts,"13,01",https://reports.aashe.org/institutions/university-of-california-berkeley-ca/report/2025-02-19/AC/ (AC-1)
AC1_max,berkeley,max,AC-1,Points possibles — Sustainability Course Offerings,14.0,14.0,pts,14,https://reports.aashe.org/institutions/university-of-california-berkeley-ca/report/2025-02-19/AC/ (AC-1)
AC2_score,berkeley,score,AC-2,Points obtenus — Undergraduate Programs,10.22,10.22,pts,"10,22",https://reports.aashe.org/institutions/university-of-california-berkeley-ca/report/2025-02-19/AC/ (AC-2)
AC2_max,berkeley,max,AC-2,Points possibles — Undergraduate Programs,15.0,15.0,pts,15,https://reports.aashe.org/institutions/university-of-california-berkeley-ca/report/2025-02-19/AC/ (AC-2)
AC3_score,berkeley,score,AC-3,Points obtenus — Graduate Programs,8.0,8.0,pts,8,https://reports.aashe.org/institutions/university-of-california-berkeley-ca/report/2025-02-19/AC/ (AC-3)
AC3_max,berkeley,max,AC-3,Points possibles — Graduate Programs,8.0,8.0,pts,8,https://reports.aashe.org/institutions/university-of-california-berkeley-ca/report/2025-02-19/AC/ (AC-3)
AC4_score,berkeley,score,AC-4,Points obtenus — Applied Learning,4.0,4.0,pts,4,https://reports.aashe.org/institutions/university-of-california-berkeley-ca/report/2025-02-19/AC/ (AC-4)
AC4_max,berkeley,max,AC-4,Points possibles — Applied Learning,4.0,4.0,pts,4,https://reports.aashe.org/institutions/university-of-california-berkeley-ca/report/2025-02-19/AC/ (AC-4)
AC5_score,berkeley,score,AC-5,Points obtenus — Sustainability Literacy Assessment,4.0,4.0,pts,4,https://reports.aashe.org/institutions/university-of-california-berkeley-ca/report/2025-02-19/AC/ (AC-5)
AC5_max,berkeley,max,AC-5,Points possibles — Sustainability Literacy Assessment,4.0,4.0,pts,4,https://reports.aashe.org/institutions/university-of-california-berkeley-ca/report/2025-02-19/AC/ (AC-5)
AC6_score,berkeley,score,AC-6,Points obtenus — Sustainability Research,7.35,7.35,pts,"7,35",https://reports.aashe.org/institutions/university-of-california-berkeley-ca/report/2025-02-19/AC/ (AC-6)
AC6_max,berkeley,max,AC-6,Points possibles — Sustainability Research,10.0,10.0,pts,10,https://reports.aashe.org/institutions/university-of-california-berkeley-ca/report/2025-02-19/AC/ (AC-6)
AC7_score,berkeley,score,AC-7,Points obtenus — Center for Sustainability Research,6.0,6.0,pts,6,https://reports.aashe.org/institutions/university-of-california-berkeley-ca/report/2025-02-19/AC/ (AC-7)
AC7_max,berkeley,max,AC-7,Points possibles — Center for Sustainability Research,6.0,6.0,pts,6,https://reports.aashe.org/institutions/university-of-california-berkeley-ca/report/2025-02-19/AC/ (AC-7)
AC8_score,berkeley,score,AC-8,Points obtenus — Responsible Research and Innovation,7.0,7.0,pts,7,https://reports.aashe.org/institutions/university-of-california-berkeley-ca/report/2025-02-19/AC/ (AC-8)
AC8_max,berkeley,max,AC-8,Points possibles — Responsible Research and Innovation,7.0,7.0,pts,7,https://reports.aashe.org/institutions/university-of-california-berkeley-ca/report/2025-02-19/AC/ (AC-8)
EN1_score,berkeley,score,EN-1,Points obtenus — Outreach and Communications,5.0,5.0,pts,5,https://reports.aashe.org/institutions/university-of-california-berkeley-ca/report/2025-02-19/EN/ (EN-1)
EN1_max,berkeley,max,EN-1,Points possibles — Outreach and Communications,5.0,5.0,pts,5,https://reports.aashe.org/institutions/university-of-california-berkeley-ca/report/2025-02-19/EN/ (EN-1)
EN2_score,berkeley,score,EN-2,Points obtenus — Co-Curricular Activities,9.0,9.0,pts,9,https://reports.aashe.org/institutions/university-of-california-berkeley-ca/report/2025-02-19/EN/ (EN-2)
EN2_max,berkeley,max,EN-2,Points possibles — Co-Curricular Activities,9.0,9.0,pts,9,https://reports.aashe.org/institutions/university-of-california-berkeley-ca/report/2025-02-19/EN/ (EN-2)
EN3_score,berkeley,score,EN-3,Points obtenus — Staff Engagement and Training,8.0,8.0,pts,8,https://reports.aashe.org/institutions/university-of-california-berkeley-ca/report/2025-02-19/EN/ (EN-3)
EN3_max,berkeley,max,EN-3,Points possibles — Staff Engagement and Training,8.0,8.0,pts,8,https://reports.aashe.org/institutions/university-of-california-berkeley-ca/report/2025-02-19/EN/ (EN-3)
EN4_score,berkeley,score,EN-4,Points obtenus — Sustainability Culture Assessment,1.25,1.25,pts,"1,25",https://reports.aashe.org/institutions/university-of-california-berkeley-ca/report/2025-02-19/EN/ (EN-4)
EN4_max,berkeley,max,EN-4,Points possibles — Sustainability Culture Assessment,3.0,3.0,pts,3,https://reports.aashe.org/institutions/university-of-california-berkeley-ca/report/2025-02-19/EN/ (EN-4)
EN5_score,berkeley,score,EN-5,Points obtenus — Civic Engagement,8.0,8.0,pts,8,https://reports.aashe.org/institutions/university-of-california-berkeley-ca/report/2025-02-19/EN/ (EN-5)
EN5_max,berkeley,max,EN-5,Points possibles — Civic Engagement,8.0,8.0,pts,8,https://reports.aashe.org/institutions/university-of-california-berkeley-ca/report/2025-02-19/EN/ (EN-5)
EN6_score,berkeley,score,EN-6,Points obtenus — Community Partnerships,9.0,9.0,pts,9,https://reports.aashe.org/institutions/university-of-california-berkeley-ca/report/2025-02-19/EN/ (EN-6)
EN6_max,berkeley,max,EN-6,Points possibles — Community Partnerships,9.0,9.0,pts,9,https://reports.aashe.org/institutions/university-of-california-berkeley-ca/report/2025-02-19/EN/ (EN-6)
EN7_score,berkeley,score,EN-7,Points obtenus — Continuing Education,3.0,3.0,pts,3,https://reports.aashe.org/institutions/university-of-california-berkeley-ca/report/2025-02-19/EN/ (EN-7)
EN7_max,berkeley,max,EN-7,Points possibles — Continuing Education,3.0,3.0,pts,3,https://reports.aashe.org/institutions/university-of-california-berkeley-ca/report/2025-02-19/EN/ (EN-7)
EN8_score,berkeley,score,EN-8,Points obtenus — Shared Facilities,2.0,2.0,pts,2,https://reports.aashe.org/institutions/university-of-california-berkeley-ca/report/2025-02-19/EN/ (EN-8)
EN8_max,berkeley,max,EN-8,Points possibles — Shared Facilities,2.0,2.0,pts,2,https://reports.aashe.org/institutions/university-of-california-berkeley-ca/report/2025-02-19/EN/ (EN-8)
EN9_score,berkeley,score,EN-9,Points obtenus — Inter-Campus Collaboration,3.0,3.0,pts,3,https://reports.aashe.org/institutions/university-of-california-berkeley-ca/report/2025-02-19/EN/ (EN-9)
EN9_max,berkeley,max,EN-9,Points possibles — Inter-Campus Collaboration,3.0,3.0,pts,3,https://reports.aashe.org/institutions/university-of-california-berkeley-ca/report/2025-02-19/EN/ (EN-9)
OP1_score,berkeley,score,OP-1,Points obtenus — Building Design and Construction,2.91,2.91,pts,"2,91",https://reports.aashe.org/institutions/university-of-california-berkeley-ca/report/2025-02-19/OP/ (OP-1)
OP1_max,berkeley,max,OP-1,Points possibles — Building Design and Construction,3.0,3.0,pts,3,https://reports.aashe.org/institutions/university-of-california-berkeley-ca/report/2025-02-19/OP/ (OP-1)
OP2_score,berkeley,score,OP-2,Points obtenus — Building Operations and Maintenance,4.0,4.0,pts,4,https://reports.aashe.org/institutions/university-of-california-berkeley-ca/report/2025-02-19/OP/ (OP-2)
OP2_max,berkeley,max,OP-2,Points possibles — Building Operations and Maintenance,5.0,5.0,pts,5,https://reports.aashe.org/institutions/university-of-california-berkeley-ca/report/2025-02-19/OP/ (OP-2)
OP3_score,berkeley,score,OP-3,Points obtenus — Water Use,2.43,2.43,pts,"2,43",https://reports.aashe.org/institutions/university-of-california-berkeley-ca/report/2025-02-19/OP/ (OP-3)
OP3_max,berkeley,max,OP-3,Points possibles — Water Use,7.0,7.0,pts,7,https://reports.aashe.org/institutions/university-of-california-berkeley-ca/report/2025-02-19/OP/ (OP-3)
OP4_score,berkeley,score,OP-4,Points obtenus — Ecologically Managed Grounds,5.0,5.0,pts,5,https://reports.aashe.org/institutions/university-of-california-berkeley-ca/report/2025-02-19/OP/ (OP-4)
OP4_max,berkeley,max,OP-4,Points possibles — Ecologically Managed Grounds,5.0,5.0,pts,5,https://reports.aashe.org/institutions/university-of-california-berkeley-ca/report/2025-02-19/OP/ (OP-4)
OP5_score,berkeley,score,OP-5,Points obtenus — Energy Use,6.87,6.87,pts,"6,87",https://reports.aashe.org/institutions/university-of-california-berkeley-ca/report/2025-02-19/OP/ (OP-5)
OP5_max,berkeley,max,OP-5,Points possibles — Energy Use,10.0,10.0,pts,10,https://reports.aashe.org/institutions/university-of-california-berkeley-ca/report/2025-02-19/OP/ (OP-5)
OP6_score,berkeley,score,OP-6,Points obtenus — Greenhouse Gas Emissions,8.01,8.01,pts,"8,01",https://reports.aashe.org/institutions/university-of-california-berkeley-ca/report/2025-02-19/OP/ (OP-6)
OP6_max,berkeley,max,OP-6,Points possibles — Greenhouse Gas Emissions,16.0,16.0,pts,16,https://reports.aashe.org/institutions/university-of-california-berkeley-ca/report/2025-02-19/OP/ (OP-6)
OP7_score,berkeley,score,OP-7,Points obtenus — Dining Service Procurement,5.46,5.46,pts,"5,46",https://reports.aashe.org/institutions/university-of-california-berkeley-ca/report/2025-02-19/OP/ (OP-7)
OP7_max,berkeley,max,OP-7,Points possibles — Dining Service Procurement,8.0,8.0,pts,8,https://reports.aashe.org/institutions/university-of-california-berkeley-ca/report/2025-02-19/OP/ (OP-7)
OP8_score,berkeley,score,OP-8,Points obtenus — Food Recovery,2.0,2.0,pts,2,https://reports.aashe.org/institutions/university-of-california-berkeley-ca/report/2025-02-19/OP/ (OP-8)
OP8_max,berkeley,max,OP-8,Points possibles — Food Recovery,2.0,2.0,pts,2,https://reports.aashe.org/institutions/university-of-california-berkeley-ca/report/2025-02-19/OP/ (OP-8)
OP9_score,berkeley,score,OP-9,Points obtenus — Sustainable Procurement System,7.0,7.0,pts,7,https://reports.aashe.org/institutions/university-of-california-berkeley-ca/report/2025-02-19/OP/ (OP-9)
OP9_max,berkeley,max,OP-9,Points possibles — Sustainable Procurement System,7.0,7.0,pts,7,https://reports.aashe.org/institutions/university-of-california-berkeley-ca/report/2025-02-19/OP/ (OP-9)
OP10_score,berkeley,score,OP-10,Points obtenus — Purchased Goods,2.8,2.8,pts,"2,8",https://reports.aashe.org/institutions/university-of-california-berkeley-ca/report/2025-02-19/OP/ (OP-10)
OP10_max,berkeley,max,OP-10,Points possibles — Purchased Goods,4.0,4.0,pts,4,https://reports.aashe.org/institutions/university-of-california-berkeley-ca/report/2025-02-19/OP/ (OP-10)
OP11_score,berkeley,score,OP-11,Points obtenus — Materials Management,3.75,3.75,pts,"3,75",https://reports.aashe.org/institutions/university-of-california-berkeley-ca/report/2025-02-19/OP/ (OP-11)
OP11_max,berkeley,max,OP-11,Points possibles — Materials Management,4.0,4.0,pts,4,https://reports.aashe.org/institutions/university-of-california-berkeley-ca/report/2025-02-19/OP/ (OP-11)
OP12_score,berkeley,score,OP-12,Points obtenus — Waste Generation and Recovery,3.27,3.27,pts,"3,27",https://reports.aashe.org/institutions/university-of-california-berkeley-ca/report/2025-02-19/OP/ (OP-12)
OP12_max,berkeley,max,OP-12,Points possibles — Waste Generation and Recovery,5.0,5.0,pts,5,https://reports.aashe.org/institutions/university-of-california-berkeley-ca/report/2025-02-19/OP/ (OP-12)
OP13_score,berkeley,score,OP-13,Points obtenus — Vehicle Fleet,0.28,0.28,pts,"0,28",https://reports.aashe.org/institutions/university-of-california-berkeley-ca/report/2025-02-19/OP/ (OP-13)
OP13_max,berkeley,max,OP-13,Points possibles — Vehicle Fleet,2.0,2.0,pts,2,https://reports.aashe.org/institutions/university-of-california-berkeley-ca/report/2025-02-19/OP/ (OP-13)
OP14_score,berkeley,score,OP-14,Points obtenus — Commute Modal Split,4.89,4.89,pts,"4,89",https://reports.aashe.org/institutions/university-of-california-berkeley-ca/report/2025-02-19/OP/ (OP-14)
OP14_max,berkeley,max,OP-14,Points possibles — Commute Modal Split,6.0,6.0,pts,6,https://reports.aashe.org/institutions/university-of-california-berkeley-ca/report/2025-02-19/OP/ (OP-14)
OP15_score,berkeley,score,OP-15,Points obtenus — Air Travel,2.0,2.0,pts,2,https://reports.aashe.org/institutions/university-of-california-berkeley-ca/report/2025-02-19/OP/ (OP-15)
OP15_max,berkeley,max,OP-15,Points possibles — Air Travel,2.0,2.0,pts,2,https://reports.aashe.org/institutions/university-of-california-berkeley-ca/report/2025-02-19/OP/ (OP-15)
PA1_score,berkeley,score,PA-1,Points obtenus — Sustainability Coordination,1.0,1.0,pts,1,https://reports.aashe.org/institutions/university-of-california-berkeley-ca/report/2025-02-19/PA/ (PA-1)
PA1_max,berkeley,max,PA-1,Points possibles — Sustainability Coordination,1.0,1.0,pts,1,https://reports.aashe.org/institutions/university-of-california-berkeley-ca/report/2025-02-19/PA/ (PA-1)
PA2_score,berkeley,score,PA-2,Points obtenus — Commitments and Planning,6.0,6.0,pts,6,https://reports.aashe.org/institutions/university-of-california-berkeley-ca/report/2025-02-19/PA/ (PA-2)
PA2_max,berkeley,max,PA-2,Points possibles — Commitments and Planning,6.0,6.0,pts,6,https://reports.aashe.org/institutions/university-of-california-berkeley-ca/report/2025-02-19/PA/ (PA-2)
PA3_score,berkeley,score,PA-3,Points obtenus — Institutional Governance,3.5,3.5,pts,"3,5",https://reports.aashe.org/institutions/university-of-california-berkeley-ca/report/2025-02-19/PA/ (PA-3)
PA3_max,berkeley,max,PA-3,Points possibles — Institutional Governance,4.0,4.0,pts,4,https://reports.aashe.org/institutions/university-of-california-berkeley-ca/report/2025-02-19/PA/ (PA-3)
PA4_score,berkeley,score,PA-4,Points obtenus — Sustainable Investment Program,4.0,4.0,pts,4,https://reports.aashe.org/institutions/university-of-california-berkeley-ca/report/2025-02-19/PA/ (PA-4)
PA4_max,berkeley,max,PA-4,Points possibles — Sustainable Investment Program,4.0,4.0,pts,4,https://reports.aashe.org/institutions/university-of-california-berkeley-ca/report/2025-02-19/PA/ (PA-4)
PA5_score,berkeley,score,PA-5,Points obtenus — Investment Holdings,2.51,2.51,pts,"2,51",https://reports.aashe.org/institutions/university-of-california-berkeley-ca/report/2025-02-19/PA/ (PA-5)
PA5_max,berkeley,max,PA-5,Points possibles — Investment Holdings,6.0,6.0,pts,6,https://reports.aashe.org/institutions/university-of-california-berkeley-ca/report/2025-02-19/PA/ (PA-5)
PA6_score,berkeley,score,PA-6,Points obtenus — Institutional Climate,3.0,3.0,pts,3,https://reports.aashe.org/institutions/university-of-california-berkeley-ca/report/2025-02-19/PA/ (PA-6)
PA6_max,berkeley,max,PA-6,Points possibles — Institutional Climate,3.0,3.0,pts,3,https://reports.aashe.org/institutions/university-of-california-berkeley-ca/report/2025-02-19/PA/ (PA-6)
PA7_score,berkeley,score,PA-7,Points obtenus — Racial and Ethnic Representation,1.59,1.59,pts,"1,59",https://reports.aashe.org/institutions/university-of-california-berkeley-ca/report/2025-02-19/PA/ (PA-7)
PA7_max,berkeley,max,PA-7,Points possibles — Racial and Ethnic Representation,3.0,3.0,pts,3,https://reports.aashe.org/institutions/university-of-california-berkeley-ca/report/2025-02-19/PA/ (PA-7)
PA8_score,berkeley,score,PA-8,Points obtenus — Gender Parity,1.67,1.67,pts,"1,67",https://reports.aashe.org/institutions/university-of-california-berkeley-ca/report/2025-02-19/PA/ (PA-8)
PA8_max,berkeley,max,PA-8,Points possibles — Gender Parity,2.0,2.0,pts,2,https://reports.aashe.org/institutions/university-of-california-berkeley-ca/report/2025-02-19/PA/ (PA-8)
PA9_score,berkeley,score,PA-9,Points obtenus — Affordability and Access,2.5,2.5,pts,"2,5",https://reports.aashe.org/institutions/university-of-california-berkeley-ca/report/2025-02-19/PA/ (PA-9)
PA9_max,berkeley,max,PA-9,Points possibles — Affordability and Access,3.0,3.0,pts,3,https://reports.aashe.org/institutions/university-of-california-berkeley-ca/report/2025-02-19/PA/ (PA-9)
PA10_score,berkeley,score,PA-10,Points obtenus — Student Success,2.8,2.8,pts,"2,8",https://reports.aashe.org/institutions/university-of-california-berkeley-ca/report/2025-02-19/PA/ (PA-10)
PA10_max,berkeley,max,PA-10,Points possibles — Student Success,3.0,3.0,pts,3,https://reports.aashe.org/institutions/university-of-california-berkeley-ca/report/2025-02-19/PA/ (PA-10)
PA11_score,berkeley,score,PA-11,"Points obtenus — Health, Safety and Wellbeing",3.0,3.0,pts,3,https://reports.aashe.org/institutions/university-of-california-berkeley-ca/report/2025-02-19/PA/ (PA-11)
PA11_max,berkeley,max,PA-11,"Points possibles — Health, Safety and Wellbeing",3.0,3.0,pts,3,https://reports.aashe.org/institutions/university-of-california-berkeley-ca/report/2025-02-19/PA/ (PA-11)
PA12_score,berkeley,score,PA-12,Points obtenus — Employee Rights,2.5,2.5,pts,"2,5",https://reports.aashe.org/institutions/university-of-california-berkeley-ca/report/2025-02-19/PA/ (PA-12)
PA12_max,berkeley,max,PA-12,Points possibles — Employee Rights,3.0,3.0,pts,3,https://reports.aashe.org/institutions/university-of-california-berkeley-ca/report/2025-02-19/PA/ (PA-12)
PA13_score,berkeley,score,PA-13,Points obtenus — Pay Equity and Living Wage,4.34,4.34,pts,"4,34",https://reports.aashe.org/institutions/university-of-california-berkeley-ca/report/2025-02-19/PA/ (PA-13)
PA13_max,berkeley,max,PA-13,Points possibles — Pay Equity and Living Wage,5.0,5.0,pts,5,https://reports.aashe.org/institutions/university-of-california-berkeley-ca/report/2025-02-19/PA/ (PA-13)
IL1_score,berkeley,score,IL-1,Points obtenus — Reporting Assurance,0.5,0.5,pts,"0,5",https://reports.aashe.org/institutions/university-of-california-berkeley-ca/report/2025-02-19/IL/ (IL-1)
IL1_max,berkeley,max,IL-1,Points possibles — Reporting Assurance,1.0,1.0,pts,1,https://reports.aashe.org/institutions/university-of-california-berkeley-ca/report/2025-02-19/IL/ (IL-1)
IL2_score,berkeley,score,IL-2,Points obtenus — Data Quality Certificate,0.5,0.5,pts,"0,5",https://reports.aashe.org/institutions/university-of-california-berkeley-ca/report/2025-02-19/IL/ (IL-2)
IL2_max,berkeley,max,IL-2,Points possibles — Data Quality Certificate,1.0,1.0,pts,1,https://reports.aashe.org/institutions/university-of-california-berkeley-ca/report/2025-02-19/IL/ (IL-2)
IL4_score,berkeley,score,IL-4,Points obtenus — Sustainability Course Designation,1.0,1.0,pts,1,https://reports.aashe.org/institutions/university-of-california-berkeley-ca/report/2025-02-19/IL/ (IL-4)
IL4_max,berkeley,max,IL-4,Points possibles — Sustainability Course Designation,1.0,1.0,pts,1,https://reports.aashe.org/institutions/university-of-california-berkeley-ca/report/2025-02-19/IL/ (IL-4)
IL10_score,berkeley,score,IL-10,Points obtenus — Green Athletics Program,1.0,1.0,pts,1,https://reports.aashe.org/institutions/university-of-california-berkeley-ca/report/2025-02-19/IL/ (IL-10)
IL10_max,berkeley,max,IL-10,Points possibles — Green Athletics Program,1.0,1.0,pts,1,https://reports.aashe.org/institutions/university-of-california-berkeley-ca/report/2025-02-19/IL/ (IL-10)
IL11_score,berkeley,score,IL-11,Points obtenus — Green Events Program,1.0,1.0,pts,1,https://reports.aashe.org/institutions/university-of-california-berkeley-ca/report/2025-02-19/IL/ (IL-11)
IL11_max,berkeley,max,IL-11,Points possibles — Green Events Program,1.0,1.0,pts,1,https://reports.aashe.org/institutions/university-of-california-berkeley-ca/report/2025-02-19/IL/ (IL-11)
IL12_score,berkeley,score,IL-12,Points obtenus — Green Laboratory Program,0.5,0.5,pts,"0,5",https://reports.aashe.org/institutions/university-of-california-berkeley-ca/report/2025-02-19/IL/ (IL-12)
IL12_max,berkeley,max,IL-12,Points possibles — Green Laboratory Program,1.0,1.0,pts,1,https://reports.aashe.org/institutions/university-of-california-berkeley-ca/report/2025-02-19/IL/ (IL-12)
IL14_score,berkeley,score,IL-14,Points obtenus — Addressing Historic Injustices,1.0,1.0,pts,1,https://reports.aashe.org/institutions/university-of-california-berkeley-ca/report/2025-02-19/IL/ (IL-14)
IL14_max,berkeley,max,IL-14,Points possibles — Addressing Historic Injustices,1.0,1.0,pts,1,https://reports.aashe.org/institutions/university-of-california-berkeley-ca/report/2025-02-19/IL/ (IL-14)
IL22_score,berkeley,score,IL-22,Points obtenus — Trademark Licensing Monitoring and Verification,1.0,1.0,pts,1,https://reports.aashe.org/institutions/university-of-california-berkeley-ca/report/2025-02-19/IL/ (IL-22)
IL22_max,berkeley,max,IL-22,Points possibles — Trademark Licensing Monitoring and Verification,1.0,1.0,pts,1,https://reports.aashe.org/institutions/university-of-california-berkeley-ca/report/2025-02-19/IL/ (IL-22)
IL24_score,berkeley,score,IL-24,Points obtenus — Biodiversity Assessment,1.0,1.0,pts,1,https://reports.aashe.org/institutions/university-of-california-berkeley-ca/report/2025-02-19/IL/ (IL-24)
IL24_max,berkeley,max,IL-24,Points possibles — Biodiversity Assessment,1.0,1.0,pts,1,https://reports.aashe.org/institutions/university-of-california-berkeley-ca/report/2025-02-19/IL/ (IL-24)
IL25_score,berkeley,score,IL-25,Points obtenus — Grounds Certification,1.0,1.0,pts,1,https://reports.aashe.org/institutions/university-of-california-berkeley-ca/report/2025-02-19/IL/ (IL-25)
IL25_max,berkeley,max,IL-25,Points possibles — Grounds Certification,1.0,1.0,pts,1,https://reports.aashe.org/institutions/university-of-california-berkeley-ca/report/2025-02-19/IL/ (IL-25)
IL26_score,berkeley,score,IL-26,Points obtenus — High Performance Building Certification,1.0,1.0,pts,1,https://reports.aashe.org/institutions/university-of-california-berkeley-ca/report/2025-02-19/IL/ (IL-26)
IL26_max,berkeley,max,IL-26,Points possibles — High Performance Building Certification,1.0,1.0,pts,1,https://reports.aashe.org/institutions/university-of-california-berkeley-ca/report/2025-02-19/IL/ (IL-26)
IL37_score,berkeley,score,IL-37,Points obtenus — Sustainable Dining Recognition,1.0,1.0,pts,1,https://reports.aashe.org/institutions/university-of-california-berkeley-ca/report/2025-02-19/IL/ (IL-37)
IL37_max,berkeley,max,IL-37,Points possibles — Sustainable Dining Recognition,1.0,1.0,pts,1,https://reports.aashe.org/institutions/university-of-california-berkeley-ca/report/2025-02-19/IL/ (IL-37)
IL43_score,berkeley,score,IL-43,Points obtenus — Sustainable Procurement Recognition,1.0,1.0,pts,1,https://reports.aashe.org/institutions/university-of-california-berkeley-ca/report/2025-02-19/IL/ (IL-43)
IL43_max,berkeley,max,IL-43,Points possibles — Sustainable Procurement Recognition,1.0,1.0,pts,1,https://reports.aashe.org/institutions/university-of-california-berkeley-ca/report/2025-02-19/IL/ (IL-43)
IL44_score,berkeley,score,IL-44,Points obtenus — Zero Waste Certification,1.0,1.0,pts,1,https://reports.aashe.org/institutions/university-of-california-berkeley-ca/report/2025-02-19/IL/ (IL-44)
IL44_max,berkeley,max,IL-44,Points possibles — Zero Waste Certification,1.0,1.0,pts,1,https://reports.aashe.org/institutions/university-of-california-berkeley-ca/report/2025-02-19/IL/ (IL-44)
IL45_score,berkeley,score,IL-45,Points obtenus — Bicycle Friendly Recognition,1.0,1.0,pts,1,https://reports.aashe.org/institutions/university-of-california-berkeley-ca/report/2025-02-19/IL/ (IL-45)
IL45_max,berkeley,max,IL-45,Points possibles — Bicycle Friendly Recognition,1.0,1.0,pts,1,https://reports.aashe.org/institutions/university-of-california-berkeley-ca/report/2025-02-19/IL/ (IL-45)
IL48_score,berkeley,score,IL-48,Points obtenus — Shared Mobility Program,1.0,1.0,pts,1,https://reports.aashe.org/institutions/university-of-california-berkeley-ca/report/2025-02-19/IL/ (IL-48)
IL48_max,berkeley,max,IL-48,Points possibles — Shared Mobility Program,1.0,1.0,pts,1,https://reports.aashe.org/institutions/university-of-california-berkeley-ca/report/2025-02-19/IL/ (IL-48)
IL51_score,berkeley,score,IL-51,Points obtenus — Sustainability Projects Fund,1.0,1.0,pts,1,https://reports.aashe.org/institutions/university-of-california-berkeley-ca/report/2025-02-19/IL/ (IL-51)
IL51_max,berkeley,max,IL-51,Points possibles — Sustainability Projects Fund,1.0,1.0,pts,1,https://reports.aashe.org/institutions/university-of-california-berkeley-ca/report/2025-02-19/IL/ (IL-51)
IL54_score,berkeley,score,IL-54,Points obtenus — Sustainable Retirement Plan,1.0,1.0,pts,1,https://reports.aashe.org/institutions/university-of-california-berkeley-ca/report/2025-02-19/IL/ (IL-54)
IL54_max,berkeley,max,IL-54,Points possibles — Sustainable Retirement Plan,1.0,1.0,pts,1,https://reports.aashe.org/institutions/university-of-california-berkeley-ca/report/2025-02-19/IL/ (IL-54)
IL56_score,berkeley,score,IL-56,Points obtenus — Open and Shared Course Materials,1.0,1.0,pts,1,https://reports.aashe.org/institutions/university-of-california-berkeley-ca/report/2025-02-19/IL/ (IL-56)
IL56_max,berkeley,max,IL-56,Points possibles — Open and Shared Course Materials,1.0,1.0,pts,1,https://reports.aashe.org/institutions/university-of-california-berkeley-ca/report/2025-02-19/IL/ (IL-56)
IL63_score,berkeley,score,IL-63,Points obtenus — Wellness Recognition,1.0,1.0,pts,1,https://reports.aashe.org/institutions/university-of-california-berkeley-ca/report/2025-02-19/IL/ (IL-63)
IL63_max,berkeley,max,IL-63,Points possibles — Wellness Recognition,1.0,1.0,pts,1,https://reports.aashe.org/institutions/university-of-california-berkeley-ca/report/2025-02-19/IL/ (IL-63)
IL64_score,berkeley,score,IL-64,Points obtenus — Workplace Recognition,1.0,1.0,pts,1,https://reports.aashe.org/institutions/university-of-california-berkeley-ca/report/2025-02-19/IL/ (IL-64)
IL64_max,berkeley,max,IL-64,Points possibles — Workplace Recognition,1.0,1.0,pts,1,https://reports.aashe.org/institutions/university-of-california-berkeley-ca/report/2025-02-19/IL/ (IL-64)
ENV_points,berkeley,pillar,,Points obtenus — pilier Environnement,60.67,60.67,pts,"60,67","calcul : somme de OP-1, OP-10, OP-11, OP-12, OP-13, OP-14, OP-15, OP-2, OP-3, OP-4, OP-5, OP-6, OP-7, OP-8, OP-9 (crédits notés uniquement)"
ENV_max,berkeley,pillar,,Points possibles — pilier Environnement,86.0,86.0,pts,86,"calcul : somme de OP-1, OP-10, OP-11, OP-12, OP-13, OP-14, OP-15, OP-2, OP-3, OP-4, OP-5, OP-6, OP-7, OP-8, OP-9 (crédits notés uniquement)"
ENV_pct,berkeley,pillar,,Part des points obtenus — pilier Environnement,70.5,70.5,%,"70,5 %","calcul : somme de OP-1, OP-10, OP-11, OP-12, OP-13, OP-14, OP-15, OP-2, OP-3, OP-4, OP-5, OP-6, OP-7, OP-8, OP-9 (crédits notés uniquement) ; points obtenus / points possibles × 100"
SOC_points,berkeley,pillar,,Points obtenus — pilier Social,21.4,21.4,pts,"21,40","calcul : somme de PA-10, PA-11, PA-12, PA-13, PA-6, PA-7, PA-8, PA-9 (crédits notés uniquement)"
SOC_max,berkeley,pillar,,Points possibles — pilier Social,25.0,25.0,pts,25,"calcul : somme de PA-10, PA-11, PA-12, PA-13, PA-6, PA-7, PA-8, PA-9 (crédits notés uniquement)"
SOC_pct,berkeley,pillar,,Part des points obtenus — pilier Social,85.6,85.6,%,"85,6 %","calcul : somme de PA-10, PA-11, PA-12, PA-13, PA-6, PA-7, PA-8, PA-9 (crédits notés uniquement) ; points obtenus / points possibles × 100"
GOV_points,berkeley,pillar,,Points obtenus — pilier Gouvernance,17.01,17.01,pts,"17,01","calcul : somme de PA-1, PA-2, PA-3, PA-4, PA-5 (crédits notés uniquement)"
GOV_max,berkeley,pillar,,Points possibles — pilier Gouvernance,21.0,21.0,pts,21,"calcul : somme de PA-1, PA-2, PA-3, PA-4, PA-5 (crédits notés uniquement)"
GOV_pct,berkeley,pillar,,Part des points obtenus — pilier Gouvernance,81.0,81.0,%,"81,0 %","calcul : somme de PA-1, PA-2, PA-3, PA-4, PA-5 (crédits notés uniquement) ; points obtenus / points possibles × 100"
CTX_points,berkeley,pillar,,"Points obtenus — pilier Enseignement, recherche et engagement",107.83,107.83,pts,"107,83","calcul : somme de AC-1, AC-2, AC-3, AC-4, AC-5, AC-6, AC-7, AC-8, EN-1, EN-2, EN-3, EN-4, EN-5, EN-6, EN-7, EN-8, EN-9 (crédits notés uniquement)"
CTX_max,berkeley,pillar,,"Points possibles — pilier Enseignement, recherche et engagement",118.0,118.0,pts,118,"calcul : somme de AC-1, AC-2, AC-3, AC-4, AC-5, AC-6, AC-7, AC-8, EN-1, EN-2, EN-3, EN-4, EN-5, EN-6, EN-7, EN-8, EN-9 (crédits notés uniquement)"
CTX_pct,berkeley,pillar,,"Part des points obtenus — pilier Enseignement, recherche et engagement",91.4,91.4,%,"91,4 %","calcul : somme de AC-1, AC-2, AC-3, AC-4, AC-5, AC-6, AC-7, AC-8, EN-1, EN-2, EN-3, EN-4, EN-5, EN-6, EN-7, EN-8, EN-9 (crédits notés uniquement) ; points obtenus / points possibles × 100"
PRE1_t5_0,berkeley,text,PRE-1,"année citée dans le texte STARS (PRE-1) : « … ack to eliminate single-use plastics and offer viable alternatives by ___, and we have infused sustainability into dining s … »",2030,2030.0,année,2030,"https://reports.aashe.org/institutions/university-of-california-berkeley-ca/report/2025-02-19/PRE/report-preface/PRE-1/ (texte STARS du crédit PRE-1, ligne 6)"
PRE2_t2_0,berkeley,text,PRE-2,pourcentage citée dans le texte STARS (PRE-2) : « … hases that would reduce campus carbon emissions (Scope and Scope ) ___ by. … »,85%,85.0,%,85 %,"https://reports.aashe.org/institutions/university-of-california-berkeley-ca/report/2025-02-19/PRE/report-preface/PRE-2/ (texte STARS du crédit PRE-2, ligne 3)"
PRE2_t2_1,berkeley,text,PRE-2,année citée dans le texte STARS (PRE-2) : « … hat would reduce campus carbon emissions (Scope and Scope ) by ___. … »,2035,2035.0,année,2035,"https://reports.aashe.org/institutions/university-of-california-berkeley-ca/report/2025-02-19/PRE/report-preface/PRE-2/ (texte STARS du crédit PRE-2, ligne 3)"
PRE2_t3_0,berkeley,text,PRE-2,"année citée dans le texte STARS (PRE-2) : « … l design and environmental review, construction is slated to begin in ___. … »",2026,2026.0,année,2026,"https://reports.aashe.org/institutions/university-of-california-berkeley-ca/report/2025-02-19/PRE/report-preface/PRE-2/ (texte STARS du crédit PRE-2, ligne 4)"
PRE2_t4_0,berkeley,text,PRE-2,"année citée dans le texte STARS (PRE-2) : « … In April ___, then-UC Berkeley Chancellor Carol Christ announc … »",2020,2020.0,année,2020,"https://reports.aashe.org/institutions/university-of-california-berkeley-ca/report/2025-02-19/PRE/report-preface/PRE-2/ (texte STARS du crédit PRE-2, ligne 5)"
PRE2_t4_1,berkeley,text,PRE-2,année citée dans le texte STARS (PRE-2) : « … out all non-essential single-use plastics with viable alternatives by ___. Unlike typical plastic bans that target items li … »,2030,2030.0,année,2030,"https://reports.aashe.org/institutions/university-of-california-berkeley-ca/report/2025-02-19/PRE/report-preface/PRE-2/ (texte STARS du crédit PRE-2, ligne 5)"
PRE2_t5_0,berkeley,text,PRE-2,"année citée dans le texte STARS (PRE-2) : « … in purchasing, contracts, and tasked to create a roadmap to meet the ___ goal. … »",2030,2030.0,année,2030,"https://reports.aashe.org/institutions/university-of-california-berkeley-ca/report/2025-02-19/PRE/report-preface/PRE-2/ (texte STARS du crédit PRE-2, ligne 6)"
PRE2_t12_0,berkeley,text,PRE-2,"année citée dans le texte STARS (PRE-2) : « … Transitioning to a rental model, with full implementation planned for ___. … »",2026,2026.0,année,2026,"https://reports.aashe.org/institutions/university-of-california-berkeley-ca/report/2025-02-19/PRE/report-preface/PRE-2/ (texte STARS du crédit PRE-2, ligne 13)"
PRE2_t26_0,berkeley,text,PRE-2,année citée dans le texte STARS (PRE-2) : « … -founded by Mackenzie Feldman and Bridget Gustafson at UC Berkeley in ___. Their advocacy led to a major milestone in May … »,2017,2017.0,année,2017,"https://reports.aashe.org/institutions/university-of-california-berkeley-ca/report/2025-02-19/PRE/report-preface/PRE-2/ (texte STARS du crédit PRE-2, ligne 27)"
PRE2_t26_1,berkeley,text,PRE-2,"année citée dans le texte STARS (PRE-2) : « … t UC Berkeley in. Their advocacy led to a major milestone in May ___, when the University of California banned glyphos … »",2019,2019.0,année,2019,"https://reports.aashe.org/institutions/university-of-california-berkeley-ca/report/2025-02-19/PRE/report-preface/PRE-2/ (texte STARS du crédit PRE-2, ligne 27)"
PRE2_t28_0,berkeley,text,PRE-2,"année citée dans le texte STARS (PRE-2) : « … ity, and facilities management, implements the recommendations of the ___ Herbicide Task Force report and manages UC's Inte … »",2020,2020.0,année,2020,"https://reports.aashe.org/institutions/university-of-california-berkeley-ca/report/2025-02-19/PRE/report-preface/PRE-2/ (texte STARS du crédit PRE-2, ligne 29)"
PRE2_t28_1,berkeley,text,PRE-2,"année citée dans le texte STARS (PRE-2) : « … dscaping was featured on KPFA 's Terra Verde show on November, ___. During the interview, Lydia Woltjer and Mackenzi … »",2024,2024.0,année,2024,"https://reports.aashe.org/institutions/university-of-california-berkeley-ca/report/2025-02-19/PRE/report-preface/PRE-2/ (texte STARS du crédit PRE-2, ligne 29)"
AC1_t0_0,berkeley,text,AC-1,"année citée dans le texte STARS (AC-1) : « … submission maintained the categorization of courses completed for the ___ submission, based on title and description in the … »",2020,2020.0,année,2020,"https://reports.aashe.org/institutions/university-of-california-berkeley-ca/report/2025-02-19/AC/curriculum/AC-1/ (texte STARS du crédit AC-1, ligne 1)"
AC1_t0_1,berkeley,text,AC-1,année citée dans le texte STARS (AC-1) : « … the Berkeley guide. Any new courses added since then were reviewed in ___. An important note on this year's methohdology is … »,2024,2024.0,année,2024,"https://reports.aashe.org/institutions/university-of-california-berkeley-ca/report/2025-02-19/AC/curriculum/AC-1/ (texte STARS du crédit AC-1, ligne 1)"
AC1_t9_0,berkeley,text,AC-1,année citée dans le texte STARS (AC-1) : « … ourse offerings was collected via a UC Berkeley course inventory from ___ - filtering for items that qualified as sustai … »,2021,2021.0,année,2021,"https://reports.aashe.org/institutions/university-of-california-berkeley-ca/report/2025-02-19/AC/curriculum/AC-1/ (texte STARS du crédit AC-1, ligne 10)"
AC1_t9_1,berkeley,text,AC-1,année citée dans le texte STARS (AC-1) : « … offerings was collected via a UC Berkeley course inventory from - ___ filtering for items that qualified as sustainabil … »,2024,2024.0,année,2024,"https://reports.aashe.org/institutions/university-of-california-berkeley-ca/report/2025-02-19/AC/curriculum/AC-1/ (texte STARS du crédit AC-1, ligne 10)"
AC2_t0_0,berkeley,text,AC-2,année citée dans le texte STARS (AC-2) : « … need to pass in order to graduate. The requirement was instituted in ___ to introduce students to the diverse cultures of … »,1991,1991.0,année,1991,"https://reports.aashe.org/institutions/university-of-california-berkeley-ca/report/2025-02-19/AC/curriculum/AC-2/ (texte STARS du crédit AC-2, ligne 1)"
AC5_t1_0,berkeley,text,AC-5,pourcentage citée dans le texte STARS (AC-5) : « … The overall score improved by ___ over months: from to. … »,5.6%,5.6,%,"5,6 %","https://reports.aashe.org/institutions/university-of-california-berkeley-ca/report/2025-02-19/AC/curriculum/AC-5/ (texte STARS du crédit AC-5, ligne 2)"
AC5_t1_1,berkeley,text,AC-5,pourcentage citée dans le texte STARS (AC-5) : « … The overall score improved by over months: from ___ to. … »,70.6%,70.6,%,"70,6 %","https://reports.aashe.org/institutions/university-of-california-berkeley-ca/report/2025-02-19/AC/curriculum/AC-5/ (texte STARS du crédit AC-5, ligne 2)"
AC5_t1_2,berkeley,text,AC-5,pourcentage citée dans le texte STARS (AC-5) : « … The overall score improved by over months: from to ___. … »,76.2%,76.2,%,"76,2 %","https://reports.aashe.org/institutions/university-of-california-berkeley-ca/report/2025-02-19/AC/curriculum/AC-5/ (texte STARS du crédit AC-5, ligne 2)"
AC5_t4_0,berkeley,text,AC-5,pourcentage citée dans le texte STARS (AC-5) : « … Changed from ___ to correct answers. … »,37.8%,37.8,%,"37,8 %","https://reports.aashe.org/institutions/university-of-california-berkeley-ca/report/2025-02-19/AC/curriculum/AC-5/ (texte STARS du crédit AC-5, ligne 5)"
AC5_t4_1,berkeley,text,AC-5,pourcentage citée dans le texte STARS (AC-5) : « … Changed from to ___ correct answers. … »,40.7%,40.7,%,"40,7 %","https://reports.aashe.org/institutions/university-of-california-berkeley-ca/report/2025-02-19/AC/curriculum/AC-5/ (texte STARS du crédit AC-5, ligne 5)"
AC5_t6_0,berkeley,text,AC-5,pourcentage citée dans le texte STARS (AC-5) : « … Changed from ___ to correct answers. … »,40.5%,40.5,%,"40,5 %","https://reports.aashe.org/institutions/university-of-california-berkeley-ca/report/2025-02-19/AC/curriculum/AC-5/ (texte STARS du crédit AC-5, ligne 7)"
AC5_t6_1,berkeley,text,AC-5,pourcentage citée dans le texte STARS (AC-5) : « … Changed from to ___ correct answers. … »,64.8%,64.8,%,"64,8 %","https://reports.aashe.org/institutions/university-of-california-berkeley-ca/report/2025-02-19/AC/curriculum/AC-5/ (texte STARS du crédit AC-5, ligne 7)"
AC5_t10_0,berkeley,text,AC-5,année citée dans le texte STARS (AC-5) : « … ir students in the beginning and end of their Fall semester course in ___. … »,2023,2023.0,année,2023,"https://reports.aashe.org/institutions/university-of-california-berkeley-ca/report/2025-02-19/AC/curriculum/AC-5/ (texte STARS du crédit AC-5, ligne 11)"
AC5_t16_0,berkeley,text,AC-5,"année citée dans le texte STARS (AC-5) : « … he pre-course sustainability literacy assessment in September-October ___, and students completed the post-course assess … »",2023,2023.0,année,2023,"https://reports.aashe.org/institutions/university-of-california-berkeley-ca/report/2025-02-19/AC/curriculum/AC-5/ (texte STARS du crédit AC-5, ligne 17)"
AC5_t16_1,berkeley,text,AC-5,année citée dans le texte STARS (AC-5) : « … students completed the post-course assessment in Novemeber- December ___. While the total number of students enrolled in s … »,2023,2023.0,année,2023,"https://reports.aashe.org/institutions/university-of-california-berkeley-ca/report/2025-02-19/AC/curriculum/AC-5/ (texte STARS du crédit AC-5, ligne 17)"
AC6_t0_0,berkeley,text,AC-6,"année citée dans le texte STARS (AC-6) : « … After a large keyword search of the entire research inventory for FY ___ to FY, the fellow then reviewed the identifi … »",2022,2022.0,année,2022,"https://reports.aashe.org/institutions/university-of-california-berkeley-ca/report/2025-02-19/AC/research/AC-6/ (texte STARS du crédit AC-6, ligne 1)"
AC6_t0_1,berkeley,text,AC-6,"année citée dans le texte STARS (AC-6) : « … rge keyword search of the entire research inventory for FY to FY ___, the fellow then reviewed the identified research … »",2024,2024.0,année,2024,"https://reports.aashe.org/institutions/university-of-california-berkeley-ca/report/2025-02-19/AC/research/AC-6/ (texte STARS du crédit AC-6, ligne 1)"
AC6_t0_2,berkeley,text,AC-6,"année citée dans le texte STARS (AC-6) : « … mber of academic departments engaged in sustainability research in FY ___ to FY, compared to the total active number o … »",2022,2022.0,année,2022,"https://reports.aashe.org/institutions/university-of-california-berkeley-ca/report/2025-02-19/AC/research/AC-6/ (texte STARS du crédit AC-6, ligne 1)"
AC6_t0_3,berkeley,text,AC-6,"année citée dans le texte STARS (AC-6) : « … demic departments engaged in sustainability research in FY to FY ___, compared to the total active number of employees … »",2024,2024.0,année,2024,"https://reports.aashe.org/institutions/university-of-california-berkeley-ca/report/2025-02-19/AC/research/AC-6/ (texte STARS du crédit AC-6, ligne 1)"
AC6_t0_4,berkeley,text,AC-6,année citée dans le texte STARS (AC-6) : « … count of all current sustainability research awards active during FY ___ to FY at UC Berkeley. The faculty and staff … »,2022,2022.0,année,2022,"https://reports.aashe.org/institutions/university-of-california-berkeley-ca/report/2025-02-19/AC/research/AC-6/ (texte STARS du crédit AC-6, ligne 1)"
AC6_t0_5,berkeley,text,AC-6,année citée dans le texte STARS (AC-6) : « … ll current sustainability research awards active during FY to FY ___ at UC Berkeley. The faculty and staff researchers … »,2024,2024.0,année,2024,"https://reports.aashe.org/institutions/university-of-california-berkeley-ca/report/2025-02-19/AC/research/AC-6/ (texte STARS du crédit AC-6, ligne 1)"
AC8_t2_0,berkeley,text,AC-8,année citée dans le texte STARS (AC-8) : « … rch and programming on the Berkeley campus and beyond. Established in ___ by UC Berkeley's College of Letters and Sciences: … »,2013,2013.0,année,2013,"https://reports.aashe.org/institutions/university-of-california-berkeley-ca/report/2025-02-19/AC/research/AC-8/ (texte STARS du crédit AC-8, ligne 3)"
AC8_t3_0,berkeley,text,AC-8,année citée dans le texte STARS (AC-8) : « … UC Berkeley Promotion & Tenure guidelines were updated in January ___ to explicitly include community-engaged research. … »,2021,2021.0,année,2021,"https://reports.aashe.org/institutions/university-of-california-berkeley-ca/report/2025-02-19/AC/research/AC-8/ (texte STARS du crédit AC-8, ligne 4)"
AC8_t18_0,berkeley,text,AC-8,"année citée dans le texte STARS (AC-8) : « … he University of California adopted an Open Access Policy on July, ___, ensuring that future research articles authored … »",2013,2013.0,année,2013,"https://reports.aashe.org/institutions/university-of-california-berkeley-ca/report/2025-02-19/AC/research/AC-8/ (texte STARS du crédit AC-8, ligne 19)"
AC8_t18_1,berkeley,text,AC-8,"année citée dans le texte STARS (AC-8) : « … f UC will be made available to the public at no charge.On October, ___, a Presidential Open Access Policy expanded open … »",2015,2015.0,année,2015,"https://reports.aashe.org/institutions/university-of-california-berkeley-ca/report/2025-02-19/AC/research/AC-8/ (texte STARS du crédit AC-8, ligne 19)"
AC8_t22_0,berkeley,text,AC-8,"année citée dans le texte STARS (AC-8) : « … ectively reserve rights that might otherwise be signed away, often / ___.Grant of License and LimitationsEach Faculty memb … »",2013,2013.0,année,2013,"https://reports.aashe.org/institutions/university-of-california-berkeley-ca/report/2025-02-19/AC/research/AC-8/ (texte STARS du crédit AC-8, ligne 23)"
AC8_t23_0,berkeley,text,AC-8,"année citée dans le texte STARS (AC-8) : « … for all of its members by adopting an open access policy on July, ___.The policy in this document extends the same oppo … »",2013,2013.0,année,2013,"https://reports.aashe.org/institutions/university-of-california-berkeley-ca/report/2025-02-19/AC/research/AC-8/ (texte STARS du crédit AC-8, ligne 24)"
AC8_t23_1,berkeley,text,AC-8,"année citée dans le texte STARS (AC-8) : « … aw (Title of the United States Code), and further specified by the ___ University of California Policy on Copyright Owne … »",1992,1992.0,année,1992,"https://reports.aashe.org/institutions/university-of-california-berkeley-ca/report/2025-02-19/AC/research/AC-8/ (texte STARS du crédit AC-8, ligne 24)"
AC8_t23_2,berkeley,text,AC-8,"année citée dans le texte STARS (AC-8) : « … r or not they own the copyright in an article, in accordance with the ___ University of California Policy on Copyright Owne … »",1992,1992.0,année,1992,"https://reports.aashe.org/institutions/university-of-california-berkeley-ca/report/2025-02-19/AC/research/AC-8/ (texte STARS du crédit AC-8, ligne 24)"
AC8_t23_3,berkeley,text,AC-8,"année citée dans le texte STARS (AC-8) : « … ed by the Academic Senate of the University of California on July, ___, see … »",2013,2013.0,année,2013,"https://reports.aashe.org/institutions/university-of-california-berkeley-ca/report/2025-02-19/AC/research/AC-8/ (texte STARS du crédit AC-8, ligne 24)"
AC8_t23_4,berkeley,text,AC-8,"année citée dans le texte STARS (AC-8) : « … Authors who do own the copyright to their works, as specified in the ___ UC Copyright Policy or its successor. University … »",1992,1992.0,année,1992,"https://reports.aashe.org/institutions/university-of-california-berkeley-ca/report/2025-02-19/AC/research/AC-8/ (texte STARS du crédit AC-8, ligne 24)"
AC8_t23_5,berkeley,text,AC-8,"année citée dans le texte STARS (AC-8) : « … hors who do not own the copyright to their works, as specified in the ___ UC Copyright Policy or its successor. University … »",1992,1992.0,année,1992,"https://reports.aashe.org/institutions/university-of-california-berkeley-ca/report/2025-02-19/AC/research/AC-8/ (texte STARS du crédit AC-8, ligne 24)"
AC8_t23_6,berkeley,text,AC-8,année citée dans le texte STARS (AC-8) : « … of the University community who do not own their copyrights under the ___ University of California Policy on Copyright Owne … »,1992,1992.0,année,1992,"https://reports.aashe.org/institutions/university-of-california-berkeley-ca/report/2025-02-19/AC/research/AC-8/ (texte STARS du crédit AC-8, ligne 24)"
AC8_t23_7,berkeley,text,AC-8,"année citée dans le texte STARS (AC-8) : « … ic Senate updates or changes its open access policy (adopted July, ___ ) in ways that affect the congruence of the Senate … »",2013,2013.0,année,2013,"https://reports.aashe.org/institutions/university-of-california-berkeley-ca/report/2025-02-19/AC/research/AC-8/ (texte STARS du crédit AC-8, ligne 24)"
AC8_t23_8,berkeley,text,AC-8,"année citée dans le texte STARS (AC-8) : « … of the Open Access Policy adopted by the Academic Senate on July, ___, the following procedures will be implemented to … »",2013,2013.0,année,2013,"https://reports.aashe.org/institutions/university-of-california-berkeley-ca/report/2025-02-19/AC/research/AC-8/ (texte STARS du crédit AC-8, ligne 24)"
AC8_t24_0,berkeley,text,AC-8,année citée dans le texte STARS (AC-8) : « … crease the impact of Berkeley scholarship.The BRII program started in ___ by redirecting a small amount of collections fund … »,2008,2008.0,année,2008,"https://reports.aashe.org/institutions/university-of-california-berkeley-ca/report/2025-02-19/AC/research/AC-8/ (texte STARS du crédit AC-8, ligne 25)"
EN1_t14_0,berkeley,text,EN-1,"année citée dans le texte STARS (EN-1) : « … ey has promoted zero waste through initiatives like the Zero Waste by ___ goal, focusing on waste reduction, composting, re … »",2020,2020.0,année,2020,"https://reports.aashe.org/institutions/university-of-california-berkeley-ca/report/2025-02-19/EN/campus-engagement/EN-1/ (texte STARS du crédit EN-1, ligne 15)"
EN1_t18_0,berkeley,text,EN-1,année citée dans le texte STARS (EN-1) : « … raging the campus community to take a Clean Air Pledge. Clean Air Day ___ … »,2022,2022.0,année,2022,"https://reports.aashe.org/institutions/university-of-california-berkeley-ca/report/2025-02-19/EN/campus-engagement/EN-1/ (texte STARS du crédit EN-1, ligne 19)"
EN2_t0_0,berkeley,text,EN-2,"année citée dans le texte STARS (EN-2) : « … ising sessions for Environmental Science majors.Epsilon ETAFounded in ___, Epsilon Eta is a professional fraternity at the … »",2017,2017.0,année,2017,"https://reports.aashe.org/institutions/university-of-california-berkeley-ca/report/2025-02-19/EN/campus-engagement/EN-2/ (texte STARS du crédit EN-2, ligne 1)"
EN2_t0_1,berkeley,text,EN-2,"année citée dans le texte STARS (EN-2) : « … unds who are constructing a sustainable, net-zero home as part of the ___ U.S. Department of Energy Solar Decathlon competi … »",2017,2017.0,année,2017,"https://reports.aashe.org/institutions/university-of-california-berkeley-ca/report/2025-02-19/EN/campus-engagement/EN-2/ (texte STARS du crédit EN-2, ligne 1)"
EN2_t0_2,berkeley,text,EN-2,"pourcentage citée dans le texte STARS (EN-2) : « … tudents working together to design and build an affordable, off-grid, ___ solar powered “tiny” house. This project represen … »",100%,100.0,%,100 %,"https://reports.aashe.org/institutions/university-of-california-berkeley-ca/report/2025-02-19/EN/campus-engagement/EN-2/ (texte STARS du crédit EN-2, ligne 1)"
EN2_t3_0,berkeley,text,EN-2,"année citée dans le texte STARS (EN-2) : « … or's Advisory Committee on Sustainability (CACS) first met in October ___, and within a year hosted the first annual UC Ber … »",2003,2003.0,année,2003,"https://reports.aashe.org/institutions/university-of-california-berkeley-ca/report/2025-02-19/EN/campus-engagement/EN-2/ (texte STARS du crédit EN-2, ligne 4)"
EN2_t3_1,berkeley,text,EN-2,"année citée dans le texte STARS (EN-2) : « … c, events have been designed to be hosted online. Speaker events from ___ included Envisioning Environmental Equality: Unde … »",2020,2020.0,année,2020,"https://reports.aashe.org/institutions/university-of-california-berkeley-ca/report/2025-02-19/EN/campus-engagement/EN-2/ (texte STARS du crédit EN-2, ligne 4)"
EN2_t5_0,berkeley,text,EN-2,année citée dans le texte STARS (EN-2) : « … the UC system's goal to produce zero-net greenhouse gas emissions by ___. All UC campuses plus the UC Office of the Pre … »,2025,2025.0,année,2025,"https://reports.aashe.org/institutions/university-of-california-berkeley-ca/report/2025-02-19/EN/campus-engagement/EN-2/ (texte STARS du crédit EN-2, ligne 6)"
EN2_t5_1,berkeley,text,EN-2,"année citée dans le texte STARS (EN-2) : « … al Laboratory participate in the program. The program began in spring ___, with fellows participating in a July symposiu … »",2015,2015.0,année,2015,"https://reports.aashe.org/institutions/university-of-california-berkeley-ca/report/2025-02-19/EN/campus-engagement/EN-2/ (texte STARS du crédit EN-2, ligne 6)"
EN2_t5_2,berkeley,text,EN-2,"année citée dans le texte STARS (EN-2) : « … tal Resource Center (SERC) In ___, SERC continued to expand its programs, projects, … »",2017,2017.0,année,2017,"https://reports.aashe.org/institutions/university-of-california-berkeley-ca/report/2025-02-19/EN/campus-engagement/EN-2/ (texte STARS du crédit EN-2, ligne 6)"
EN2_t6_0,berkeley,text,EN-2,"année citée dans le texte STARS (EN-2) : « … nts have the majority vote. Since its inaugural grant cycle in spring ___, TGIF has awarded more than $ in grant … »",2008,2008.0,année,2008,"https://reports.aashe.org/institutions/university-of-california-berkeley-ca/report/2025-02-19/EN/campus-engagement/EN-2/ (texte STARS du crédit EN-2, ligne 7)"
EN2_t6_1,berkeley,text,EN-2,"année citée dans le texte STARS (EN-2) : « … ded the funding of student sustainability internships. As of Fall ___, TGIF projects have successfully concluded an … »",2022,2022.0,année,2022,"https://reports.aashe.org/institutions/university-of-california-berkeley-ca/report/2025-02-19/EN/campus-engagement/EN-2/ (texte STARS du crédit EN-2, ligne 7)"
EN2_t9_0,berkeley,text,EN-2,"année citée dans le texte STARS (EN-2) : « … olutions that promote sustainability and social responsibility. Since ___, we've completed over projects. From our proj … »",2006,2006.0,année,2006,"https://reports.aashe.org/institutions/university-of-california-berkeley-ca/report/2025-02-19/EN/campus-engagement/EN-2/ (texte STARS du crédit EN-2, ligne 10)"
EN4_t0_0,berkeley,text,EN-4,"année citée dans le texte STARS (EN-4) : « … In Spring ___, UC Berkeley and UC Davis hosted a competition ca … »",2023,2023.0,année,2023,"https://reports.aashe.org/institutions/university-of-california-berkeley-ca/report/2025-02-19/EN/campus-engagement/EN-4/ (texte STARS du crédit EN-4, ligne 1)"
EN4_t2_0,berkeley,text,EN-4,"année citée dans le texte STARS (EN-4) : « … ransportation, reducing food waste, and conserving energy. The Spring ___ competition ran from April to April, with ca … »",2023,2023.0,année,2023,"https://reports.aashe.org/institutions/university-of-california-berkeley-ca/report/2025-02-19/EN/campus-engagement/EN-4/ (texte STARS du crédit EN-4, ligne 3)"
EN4_t4_0,berkeley,text,EN-4,année citée dans le texte STARS (EN-4) : « … The ___ CCC competition involved a significantly lower pa … »,2023,2023.0,année,2023,"https://reports.aashe.org/institutions/university-of-california-berkeley-ca/report/2025-02-19/EN/campus-engagement/EN-4/ (texte STARS du crédit EN-4, ligne 5)"
EN4_t4_1,berkeley,text,EN-4,année citée dans le texte STARS (EN-4) : « … ystem-wide marketing. Only UC Campuses particiapted in the CCC in ___. … »,2023,2023.0,année,2023,"https://reports.aashe.org/institutions/university-of-california-berkeley-ca/report/2025-02-19/EN/campus-engagement/EN-4/ (texte STARS du crédit EN-4, ligne 5)"
EN4_t5_0,berkeley,text,EN-4,"année citée dans le texte STARS (EN-4) : « … Back in April ___, all campuses across the University of Califor … »",2019,2019.0,année,2019,"https://reports.aashe.org/institutions/university-of-california-berkeley-ca/report/2025-02-19/EN/campus-engagement/EN-4/ (texte STARS du crédit EN-4, ligne 6)"
EN4_t5_1,berkeley,text,EN-4,"année citée dans le texte STARS (EN-4) : « … p most popular actions taken during the Cool Campus Challenge. In ___, a total of participants across the UC syst … »",2019,2019.0,année,2019,"https://reports.aashe.org/institutions/university-of-california-berkeley-ca/report/2025-02-19/EN/campus-engagement/EN-4/ (texte STARS du crédit EN-4, ligne 6)"
EN4_t5_2,berkeley,text,EN-4,"année citée dans le texte STARS (EN-4) : « … the survey, including faculty, staff, and students. Comparatively, in ___, a total of participants across the UC syst … »",2015,2015.0,année,2015,"https://reports.aashe.org/institutions/university-of-california-berkeley-ca/report/2025-02-19/EN/campus-engagement/EN-4/ (texte STARS du crédit EN-4, ligne 6)"
EN4_t5_3,berkeley,text,EN-4,pourcentage citée dans le texte STARS (EN-4) : « … ss the UC system completed the survey for an average response rate of ___ ( by staff and by students). … »,19%,19.0,%,19 %,"https://reports.aashe.org/institutions/university-of-california-berkeley-ca/report/2025-02-19/EN/campus-engagement/EN-4/ (texte STARS du crédit EN-4, ligne 6)"
EN4_t5_4,berkeley,text,EN-4,pourcentage citée dans le texte STARS (EN-4) : « … e UC system completed the survey for an average response rate of ( ___ by staff and by students). … »,22%,22.0,%,22 %,"https://reports.aashe.org/institutions/university-of-california-berkeley-ca/report/2025-02-19/EN/campus-engagement/EN-4/ (texte STARS du crédit EN-4, ligne 6)"
EN4_t5_5,berkeley,text,EN-4,pourcentage citée dans le texte STARS (EN-4) : « … eted the survey for an average response rate of ( by staff and ___ by students). … »,14%,14.0,%,14 %,"https://reports.aashe.org/institutions/university-of-california-berkeley-ca/report/2025-02-19/EN/campus-engagement/EN-4/ (texte STARS du crédit EN-4, ligne 6)"
EN4_t6_0,berkeley,text,EN-4,"année citée dans le texte STARS (EN-4) : « … to help reduce climate change"" switched from ""Strongly agree"" in the ___ CCC to ""Agree"" in the CCC. … »",2015,2015.0,année,2015,"https://reports.aashe.org/institutions/university-of-california-berkeley-ca/report/2025-02-19/EN/campus-engagement/EN-4/ (texte STARS du crédit EN-4, ligne 7)"
EN4_t6_1,berkeley,text,EN-4,"année citée dans le texte STARS (EN-4) : « … nge"" switched from ""Strongly agree"" in the CCC to ""Agree"" in the ___ CCC. … »",2019,2019.0,année,2019,"https://reports.aashe.org/institutions/university-of-california-berkeley-ca/report/2025-02-19/EN/campus-engagement/EN-4/ (texte STARS du crédit EN-4, ligne 7)"
EN4_t9_0,berkeley,text,EN-4,pourcentage citée dans le texte STARS (EN-4) : « … Only ( ___ ) individuals registered for CCC at UC Berkeley an … »,20%,20.0,%,20 %,"https://reports.aashe.org/institutions/university-of-california-berkeley-ca/report/2025-02-19/EN/campus-engagement/EN-4/ (texte STARS du crédit EN-4, ligne 10)"
EN4_t9_1,berkeley,text,EN-4,pourcentage citée dans le texte STARS (EN-4) : « … nt rate for UC Berkeley participants in the Cool Campus Challenge was ___. … »,22.5%,22.5,%,"22,5 %","https://reports.aashe.org/institutions/university-of-california-berkeley-ca/report/2025-02-19/EN/campus-engagement/EN-4/ (texte STARS du crédit EN-4, ligne 10)"
EN5_t2_0,berkeley,text,EN-5,"pourcentage citée dans le texte STARS (EN-5) : « … Additionally, ___ of surveyed undegraduate students reported that t … »",35%,35.0,%,35 %,"https://reports.aashe.org/institutions/university-of-california-berkeley-ca/report/2025-02-19/EN/public-engagement/EN-5/ (texte STARS du crédit EN-5, ligne 3)"
EN5_t2_1,berkeley,text,EN-5,pourcentage citée dans le texte STARS (EN-5) : « … yed undegraduate students reported that they volunteer off campus and ___ volunteered on campus throuought the year. … »,24%,24.0,%,24 %,"https://reports.aashe.org/institutions/university-of-california-berkeley-ca/report/2025-02-19/EN/public-engagement/EN-5/ (texte STARS du crédit EN-5, ligne 3)"
EN5_t8_0,berkeley,text,EN-5,"pourcentage citée dans le texte STARS (EN-5) : « … , the project aims to reduce campus greenhouse gas emissions by over ___. … »",70%,70.0,%,70 %,"https://reports.aashe.org/institutions/university-of-california-berkeley-ca/report/2025-02-19/EN/public-engagement/EN-5/ (texte STARS du crédit EN-5, ligne 9)"
EN6_t3_0,berkeley,text,EN-6,"année citée dans le texte STARS (EN-6) : « … In ___ -, through College Corps, a state partnership fu … »",2023,2023.0,année,2023,"https://reports.aashe.org/institutions/university-of-california-berkeley-ca/report/2025-02-19/EN/public-engagement/EN-6/ (texte STARS du crédit EN-6, ligne 4)"
EN6_t10_0,berkeley,text,EN-6,année citée dans le texte STARS (EN-6) : « … s governed by the Strategic Academic Plan that UC Berkeley adopted in ___. … »,2018,2018.0,année,2018,"https://reports.aashe.org/institutions/university-of-california-berkeley-ca/report/2025-02-19/EN/public-engagement/EN-6/ (texte STARS du crédit EN-6, ligne 11)"
EN9_t4_0,berkeley,text,EN-9,pourcentage citée dans le texte STARS (EN-9) : « … partment of Energy's goal of helping organizations achieve at least a ___ reduction in emissions over years. Through thi … »,50%,50.0,%,50 %,"https://reports.aashe.org/institutions/university-of-california-berkeley-ca/report/2025-02-19/EN/public-engagement/EN-9/ (texte STARS du crédit EN-9, ligne 5)"
EN9_t7_0,berkeley,text,EN-9,"année citée dans le texte STARS (EN-9) : « … Sustainability Week in NYC, Insead University SF Campus, and at SPLC ___ sustainability Conference in Atlanta. … »",2022,2022.0,année,2022,"https://reports.aashe.org/institutions/university-of-california-berkeley-ca/report/2025-02-19/EN/public-engagement/EN-9/ (texte STARS du crédit EN-9, ligne 8)"
EN9_t9_0,berkeley,text,EN-9,année citée dans le texte STARS (EN-9) : « … g to an electrified heating and cooling plant at conferences in ___. … »,2024,2024.0,année,2024,"https://reports.aashe.org/institutions/university-of-california-berkeley-ca/report/2025-02-19/EN/public-engagement/EN-9/ (texte STARS du crédit EN-9, ligne 10)"
OP2_t17_0,berkeley,text,OP-2,année citée dans le texte STARS (OP-2) : « … water efficiency. The UC Berkeley Sustainability Building Guidelines ( ___ ) and Campus Design Standards provide frame … »,2024,2024.0,année,2024,"https://reports.aashe.org/institutions/university-of-california-berkeley-ca/report/2025-02-19/OP/buildings-grounds/OP-2/ (texte STARS du crédit OP-2, ligne 18)"
OP2_t17_1,berkeley,text,OP-2,année citée dans le texte STARS (OP-2) : « … ustainability Building Guidelines and Campus Design Standards ( ___ ) provide frameworks for incorporating water-effic … »,2020,2020.0,année,2020,"https://reports.aashe.org/institutions/university-of-california-berkeley-ca/report/2025-02-19/OP/buildings-grounds/OP-2/ (texte STARS du crédit OP-2, ligne 18)"
OP3_t6_0,berkeley,text,OP-3,"année citée dans le texte STARS (OP-3) : « … s subject to LID compliance (buildings constructed or renovated after ___ ), annual precipitation in Berkeley averages m … »",2017,2017.0,année,2017,"https://reports.aashe.org/institutions/university-of-california-berkeley-ca/report/2025-02-19/OP/buildings-grounds/OP-3/ (texte STARS du crédit OP-3, ligne 7)"
OP3_t8_0,berkeley,text,OP-3,pourcentage citée dans le texte STARS (OP-3) : « … This calculation assumes uniform rainfall distribution and ___ capture efficiency for all applicable surfaces. R … »,100%,100.0,%,100 %,"https://reports.aashe.org/institutions/university-of-california-berkeley-ca/report/2025-02-19/OP/buildings-grounds/OP-3/ (texte STARS du crédit OP-3, ligne 9)"
OP4_t0_0,berkeley,text,OP-4,"pourcentage citée dans le texte STARS (OP-4) : « … ertilizers, fungicides or pesticides) with the exception of less than ___ of the land where inorganic materials are used se … »",5%,5.0,%,5 %,"https://reports.aashe.org/institutions/university-of-california-berkeley-ca/report/2025-02-19/OP/buildings-grounds/OP-4/ (texte STARS du crédit OP-4, ligne 1)"
OP5_t0_0,berkeley,text,OP-5,pourcentage citée dans le texte STARS (OP-5) : « … e pricing for rooftop and one canopy/carport installations – - ___ below market rate. of the systems were instal … »,40%,40.0,%,40 %,"https://reports.aashe.org/institutions/university-of-california-berkeley-ca/report/2025-02-19/OP/energy-climate/OP-5/ (texte STARS du crédit OP-5, ligne 1)"
OP5_t8_0,berkeley,text,OP-5,"année citée dans le texte STARS (OP-5) : « … ary source for electricity and heating for campus buildings. Built in ___, the cogeneration plant produces both electricity … »",1987,1987.0,année,1987,"https://reports.aashe.org/institutions/university-of-california-berkeley-ca/report/2025-02-19/OP/energy-climate/OP-5/ (texte STARS du crédit OP-5, ligne 9)"
OP6_t3_0,berkeley,text,OP-6,"année citée dans le texte STARS (OP-6) : « … gations. Communication with The Climate Registry (TCR) on December, ___ (Appendix A) confirms that offsets used to meet a … »",2017,2017.0,année,2017,"https://reports.aashe.org/institutions/university-of-california-berkeley-ca/report/2025-02-19/OP/energy-climate/OP-6/ (texte STARS du crédit OP-6, ligne 4)"
OP6_t10_0,berkeley,text,OP-6,"année citée dans le texte STARS (OP-6) : « … ___ was the last year that had ""Business As Usual"" Em … »",2019,2019.0,année,2019,"https://reports.aashe.org/institutions/university-of-california-berkeley-ca/report/2025-02-19/OP/energy-climate/OP-6/ (texte STARS du crédit OP-6, ligne 11)"
OP9_t0_0,berkeley,text,OP-9,pourcentage citée dans le texte STARS (OP-9) : « … ___ of our RFPs include a minimum of Sustainabili … »,100%,100.0,%,100 %,"https://reports.aashe.org/institutions/university-of-california-berkeley-ca/report/2025-02-19/OP/procurement-waste/OP-9/ (texte STARS du crédit OP-9, ligne 1)"
OP9_t0_1,berkeley,text,OP-9,pourcentage citée dans le texte STARS (OP-9) : « … of our RFPs include a minimum of ___ Sustainability considerations. … »,15%,15.0,%,15 %,"https://reports.aashe.org/institutions/university-of-california-berkeley-ca/report/2025-02-19/OP/procurement-waste/OP-9/ (texte STARS du crédit OP-9, ligne 1)"
OP9_t2_0,berkeley,text,OP-9,pourcentage citée dans le texte STARS (OP-9) : « … Sustainable Procurement Guidelines mandate ___ of RFP/RFQ comply with sustainability requirement … »,100%,100.0,%,100 %,"https://reports.aashe.org/institutions/university-of-california-berkeley-ca/report/2025-02-19/OP/procurement-waste/OP-9/ (texte STARS du crédit OP-9, ligne 3)"
OP9_t4_0,berkeley,text,OP-9,pourcentage citée dans le texte STARS (OP-9) : « … ble spend in specific product categories. UC Berkeley is currently at ___ of addressable spend. … »,21%,21.0,%,21 %,"https://reports.aashe.org/institutions/university-of-california-berkeley-ca/report/2025-02-19/OP/procurement-waste/OP-9/ (texte STARS du crédit OP-9, ligne 5)"
OP9_t5_0,berkeley,text,OP-9,pourcentage citée dans le texte STARS (OP-9) : « … Allocate a minimum of ___ of the points utilized in competitive solicitatio … »,15%,15.0,%,15 %,"https://reports.aashe.org/institutions/university-of-california-berkeley-ca/report/2025-02-19/OP/procurement-waste/OP-9/ (texte STARS du crédit OP-9, ligne 6)"
OP13_t0_0,berkeley,text,OP-13,pourcentage citée dans le texte STARS (OP-13) : « … More than ___ of the campus fleet is considered green including … »,35%,35.0,%,35 %,"https://reports.aashe.org/institutions/university-of-california-berkeley-ca/report/2025-02-19/OP/transportation/OP-13/ (texte STARS du crédit OP-13, ligne 1)"
OP14_t0_0,berkeley,text,OP-14,année citée dans le texte STARS (OP-14) : « … ted response. The data included here is from the survey from November ___.The data about student commuting reflects respons … »,2024,2024.0,année,2024,"https://reports.aashe.org/institutions/university-of-california-berkeley-ca/report/2025-02-19/OP/transportation/OP-14/ (texte STARS du crédit OP-14, ligne 1)"
OP14_t1_0,berkeley,text,OP-14,année citée dans le texte STARS (OP-14) : « … ted response. The data included here is from the survey from November ___.The data about employee commuting reflects respon … »,2024,2024.0,année,2024,"https://reports.aashe.org/institutions/university-of-california-berkeley-ca/report/2025-02-19/OP/transportation/OP-14/ (texte STARS du crédit OP-14, ligne 2)"
OP14_t2_0,berkeley,text,OP-14,"année citée dans le texte STARS (OP-14) : « … Source: ___ Commuter Report, Clara Mathews, TDM Manager, UC B … »",2024,2024.0,année,2024,"https://reports.aashe.org/institutions/university-of-california-berkeley-ca/report/2025-02-19/OP/transportation/OP-14/ (texte STARS du crédit OP-14, ligne 3)"
PA1_t0_0,berkeley,text,PA-1,"année citée dans le texte STARS (PA-1) : « … visory Committee on Sustainability (CACS), which first met in October ___, is to promote environmental management and susta … »",2003,2003.0,année,2003,"https://reports.aashe.org/institutions/university-of-california-berkeley-ca/report/2025-02-19/PA/coordination-planning/PA-1/ (texte STARS du crédit PA-1, ligne 1)"
PA1_t0_1,berkeley,text,PA-1,"année citée dans le texte STARS (PA-1) : « … ure of sustainable long-range planning and forward-thinking design In ___, CACS developed a Working Group on Diversity, Equ … »",2018,2018.0,année,2018,"https://reports.aashe.org/institutions/university-of-california-berkeley-ca/report/2025-02-19/PA/coordination-planning/PA-1/ (texte STARS du crédit PA-1, ligne 1)"
PA1_t0_2,berkeley,text,PA-1,"année citée dans le texte STARS (PA-1) : « … ulty, and staff populations contributing to sustainable practices. In ___, CACS developed a working group on Climate Change … »",2021,2021.0,année,2021,"https://reports.aashe.org/institutions/university-of-california-berkeley-ca/report/2025-02-19/PA/coordination-planning/PA-1/ (texte STARS du crédit PA-1, ligne 1)"
PA1_t5_0,berkeley,text,PA-1,année citée dans le texte STARS (PA-1) : « … an electrified campus energy system which is slated for completion by ___ - Helped secure $ from the State of Cal … »,2035,2035.0,année,2035,"https://reports.aashe.org/institutions/university-of-california-berkeley-ca/report/2025-02-19/PA/coordination-planning/PA-1/ (texte STARS du crédit PA-1, ligne 6)"
PA2_t5_0,berkeley,text,PA-2,année citée dans le texte STARS (PA-2) : « … By ___ to become a Latinx Thriving Institution. Set by t … »,2028,2028.0,année,2028,"https://reports.aashe.org/institutions/university-of-california-berkeley-ca/report/2025-02-19/PA/coordination-planning/PA-2/ (texte STARS du crédit PA-2, ligne 6)"
PA2_t6_0,berkeley,text,PA-2,année citée dans le texte STARS (PA-2) : « … UC Berkeley's ___ Strategic Academic Plan outlines signature initia … »,2018,2018.0,année,2018,"https://reports.aashe.org/institutions/university-of-california-berkeley-ca/report/2025-02-19/PA/coordination-planning/PA-2/ (texte STARS du crédit PA-2, ligne 7)"
PA2_t6_1,berkeley,text,PA-2,"année citée dans le texte STARS (PA-2) : « … m.Example objectives include:APPENDIX A: INCLUSIVE INTELLIGENCE - By ___, as measured by publications, citations, and awar … »",2028,2028.0,année,2028,"https://reports.aashe.org/institutions/university-of-california-berkeley-ca/report/2025-02-19/PA/coordination-planning/PA-2/ (texte STARS du crédit PA-2, ligne 7)"
PA2_t6_2,berkeley,text,PA-2,"année citée dans le texte STARS (PA-2) : « … quality, health, justice, culture, and other aspects of society. - By ___, as measured by innovations in undergraduate, gra … »",2028,2028.0,année,2028,"https://reports.aashe.org/institutions/university-of-california-berkeley-ca/report/2025-02-19/PA/coordination-planning/PA-2/ (texte STARS du crédit PA-2, ligne 7)"
PA2_t7_0,berkeley,text,PA-2,année citée dans le texte STARS (PA-2) : « … UC Berkeley's Student Environmental Resource Center (SERC) adopted a ___ - strategic plan that includes measurable obje … »,2017,2017.0,année,2017,"https://reports.aashe.org/institutions/university-of-california-berkeley-ca/report/2025-02-19/PA/coordination-planning/PA-2/ (texte STARS du crédit PA-2, ligne 8)"
PA2_t7_1,berkeley,text,PA-2,année citée dans le texte STARS (PA-2) : « … erkeley's Student Environmental Resource Center (SERC) adopted a - ___ strategic plan that includes measurable objective … »,2022,2022.0,année,2022,"https://reports.aashe.org/institutions/university-of-california-berkeley-ca/report/2025-02-19/PA/coordination-planning/PA-2/ (texte STARS du crédit PA-2, ligne 8)"
PA2_t8_0,berkeley,text,PA-2,"pourcentage citée dans le texte STARS (PA-2) : « … locations have to meet, including reducing all emissions by at least ___ by and eliminating the remaining emissions t … »",90%,90.0,%,90 %,"https://reports.aashe.org/institutions/university-of-california-berkeley-ca/report/2025-02-19/PA/coordination-planning/PA-2/ (texte STARS du crédit PA-2, ligne 9)"
PA2_t8_1,berkeley,text,PA-2,"année citée dans le texte STARS (PA-2) : « … ons have to meet, including reducing all emissions by at least by ___ and eliminating the remaining emissions through c … »",2045,2045.0,année,2045,"https://reports.aashe.org/institutions/university-of-california-berkeley-ca/report/2025-02-19/PA/coordination-planning/PA-2/ (texte STARS du crédit PA-2, ligne 9)"
PA2_t9_0,berkeley,text,PA-2,pourcentage citée dans le texte STARS (PA-2) : « … ompost (or other forms of organic recycling) by the following: Reduce ___ per capita from FY / levels by - Reduce … »,25%,25.0,%,25 %,"https://reports.aashe.org/institutions/university-of-california-berkeley-ca/report/2025-02-19/PA/coordination-planning/PA-2/ (texte STARS du crédit PA-2, ligne 10)"
PA2_t9_1,berkeley,text,PA-2,année citée dans le texte STARS (PA-2) : « … of organic recycling) by the following: Reduce per capita from FY ___ / levels by - Reduce per capita from FY … »,2015,2015.0,année,2015,"https://reports.aashe.org/institutions/university-of-california-berkeley-ca/report/2025-02-19/PA/coordination-planning/PA-2/ (texte STARS du crédit PA-2, ligne 10)"
PA2_t9_2,berkeley,text,PA-2,année citée dans le texte STARS (PA-2) : « … ng) by the following: Reduce per capita from FY / levels by ___ - Reduce per capita from FY / levels by … »,2025,2025.0,année,2025,"https://reports.aashe.org/institutions/university-of-california-berkeley-ca/report/2025-02-19/PA/coordination-planning/PA-2/ (texte STARS du crédit PA-2, ligne 10)"
PA2_t9_3,berkeley,text,PA-2,pourcentage citée dans le texte STARS (PA-2) : « … llowing: Reduce per capita from FY / levels by - Reduce ___ per capita from FY / levels by - Divert … »,50%,50.0,%,50 %,"https://reports.aashe.org/institutions/university-of-california-berkeley-ca/report/2025-02-19/PA/coordination-planning/PA-2/ (texte STARS du crédit PA-2, ligne 10)"
PA2_t9_4,berkeley,text,PA-2,année citée dans le texte STARS (PA-2) : « … capita from FY ___ / levels by - Reduce per capita from FY / levels by - Divert of municipal solid … »,2015,2015.0,année,2015,"https://reports.aashe.org/institutions/university-of-california-berkeley-ca/report/2025-02-19/PA/coordination-planning/PA-2/ (texte STARS du crédit PA-2, ligne 10)"
PA2_t9_5,berkeley,text,PA-2,année citée dans le texte STARS (PA-2) : « … / levels by - Reduce per capita from FY / levels by ___ - Divert of municipal solid waste from the lan … »,2030,2030.0,année,2030,"https://reports.aashe.org/institutions/university-of-california-berkeley-ca/report/2025-02-19/PA/coordination-planning/PA-2/ (texte STARS du crédit PA-2, ligne 10)"
PA2_t9_6,berkeley,text,PA-2,pourcentage citée dans le texte STARS (PA-2) : « … by - Reduce per capita from FY / levels by - Divert ___ of municipal solid waste from the landfillUC Berk … »,90%,90.0,%,90 %,"https://reports.aashe.org/institutions/university-of-california-berkeley-ca/report/2025-02-19/PA/coordination-planning/PA-2/ (texte STARS du crédit PA-2, ligne 10)"
PA2_t9_7,berkeley,text,PA-2,"année citée dans le texte STARS (PA-2) : « … ternative by end of calendar year ___ UC goals for food & dining:- By, of food spend will be on sustainable food* p … »",2030,2030.0,année,2030,"https://reports.aashe.org/institutions/university-of-california-berkeley-ca/report/2025-02-19/PA/coordination-planning/PA-2/ (texte STARS du crédit PA-2, ligne 10)"
PA2_t9_8,berkeley,text,PA-2,"pourcentage citée dans le texte STARS (PA-2) : « … ive by end of calendar year UC goals for food & dining:- By, ___ of food spend will be on sustainable food* produc … »",25%,25.0,%,25 %,"https://reports.aashe.org/institutions/university-of-california-berkeley-ca/report/2025-02-19/PA/coordination-planning/PA-2/ (texte STARS du crédit PA-2, ligne 10)"
PA2_t9_9,berkeley,text,PA-2,pourcentage citée dans le texte STARS (PA-2) : « … an Energy Campus initiative states the following strategies: - Reduce ___ GHG Emissions from by. - Support the pl … »,90%,90.0,%,90 %,"https://reports.aashe.org/institutions/university-of-california-berkeley-ca/report/2025-02-19/PA/coordination-planning/PA-2/ (texte STARS du crédit PA-2, ligne 10)"
PA2_t9_10,berkeley,text,PA-2,année citée dans le texte STARS (PA-2) : « … tive states the following strategies: - Reduce GHG Emissions from ___ by. - Support the planning and efforts to up … »,2019,2019.0,année,2019,"https://reports.aashe.org/institutions/university-of-california-berkeley-ca/report/2025-02-19/PA/coordination-planning/PA-2/ (texte STARS du crédit PA-2, ligne 10)"
PA2_t9_11,berkeley,text,PA-2,année citée dans le texte STARS (PA-2) : « … tes the following strategies: - Reduce GHG Emissions from by ___. - Support the planning and efforts to update the … »,2045,2045.0,année,2045,"https://reports.aashe.org/institutions/university-of-california-berkeley-ca/report/2025-02-19/PA/coordination-planning/PA-2/ (texte STARS du crédit PA-2, ligne 10)"
PA2_t9_12,berkeley,text,PA-2,année citée dans le texte STARS (PA-2) : « … cooling andpower system to operate primarily on clean electricity by ___. This major capitalimprovement can reduce campus … »,2030,2030.0,année,2030,"https://reports.aashe.org/institutions/university-of-california-berkeley-ca/report/2025-02-19/PA/coordination-planning/PA-2/ (texte STARS du crédit PA-2, ligne 10)"
PA2_t9_13,berkeley,text,PA-2,pourcentage citée dans le texte STARS (PA-2) : « … . This major capitalimprovement can reduce campus emissions by - ___. - Reduce short-lived climate pollutants includin … »,80%,80.0,%,80 %,"https://reports.aashe.org/institutions/university-of-california-berkeley-ca/report/2025-02-19/PA/coordination-planning/PA-2/ (texte STARS du crédit PA-2, ligne 10)"
PA2_t9_14,berkeley,text,PA-2,année citée dans le texte STARS (PA-2) : « … rbon and methane.- Support the phase out hydrofluorocarbons (HFCs) by ___.- Engage in efforts to increase telework options … »,2030,2030.0,année,2030,"https://reports.aashe.org/institutions/university-of-california-berkeley-ca/report/2025-02-19/PA/coordination-planning/PA-2/ (texte STARS du crédit PA-2, ligne 10)"
PA2_t10_0,berkeley,text,PA-2,année citée dans le texte STARS (PA-2) : « … The ___ Green Labs Action Plan identifies near-term initi … »,2020,2020.0,année,2020,"https://reports.aashe.org/institutions/university-of-california-berkeley-ca/report/2025-02-19/PA/coordination-planning/PA-2/ (texte STARS du crédit PA-2, ligne 11)"
PA2_t10_1,berkeley,text,PA-2,"année citée dans le texte STARS (PA-2) : « … , energy or waste reduction in campus labs. Key actions & targets for ___ - are outlined in the Green Labs Action Plan. … »",2020,2020.0,année,2020,"https://reports.aashe.org/institutions/university-of-california-berkeley-ca/report/2025-02-19/PA/coordination-planning/PA-2/ (texte STARS du crédit PA-2, ligne 11)"
PA2_t10_2,berkeley,text,PA-2,année citée dans le texte STARS (PA-2) : « … rgy or waste reduction in campus labs. Key actions & targets for - ___ are outlined in the Green Labs Action Plan. … »,2022,2022.0,année,2022,"https://reports.aashe.org/institutions/university-of-california-berkeley-ca/report/2025-02-19/PA/coordination-planning/PA-2/ (texte STARS du crédit PA-2, ligne 11)"
PA2_t11_0,berkeley,text,PA-2,année citée dans le texte STARS (PA-2) : « … The ___ Zero Waste Plan outlines a variety of different s … »,2019,2019.0,année,2019,"https://reports.aashe.org/institutions/university-of-california-berkeley-ca/report/2025-02-19/PA/coordination-planning/PA-2/ (texte STARS du crédit PA-2, ligne 12)"
PA2_t12_0,berkeley,text,PA-2,année citée dans le texte STARS (PA-2) : « … The ___ Long Range Development Plan (LRDP) describes a fr … »,2021,2021.0,année,2021,"https://reports.aashe.org/institutions/university-of-california-berkeley-ca/report/2025-02-19/PA/coordination-planning/PA-2/ (texte STARS du crédit PA-2, ligne 13)"
PA2_t12_1,berkeley,text,PA-2,année citée dans le texte STARS (PA-2) : « … n systems such that the aggregate effect of projects implementing the ___ LRDP is no net increase in runoff over existing c … »,2020,2020.0,année,2020,"https://reports.aashe.org/institutions/university-of-california-berkeley-ca/report/2025-02-19/PA/coordination-planning/PA-2/ (texte STARS du crédit PA-2, ligne 13)"
PA2_t14_0,berkeley,text,PA-2,pourcentage citée dans le texte STARS (PA-2) : « … - ___ Economically and Socially Responsible Spend as a … »,25%,25.0,%,25 %,"https://reports.aashe.org/institutions/university-of-california-berkeley-ca/report/2025-02-19/PA/coordination-planning/PA-2/ (texte STARS du crédit PA-2, ligne 15)"
PA2_t18_0,berkeley,text,PA-2,pourcentage citée dans le texte STARS (PA-2) : « … quires the campus follow these larger UC-wide purchasing guidelines.- ___ compliance with Required Level Green Spend criter … »,100%,100.0,%,100 %,"https://reports.aashe.org/institutions/university-of-california-berkeley-ca/report/2025-02-19/PA/coordination-planning/PA-2/ (texte STARS du crédit PA-2, ligne 19)"
PA2_t18_1,berkeley,text,PA-2,pourcentage citée dans le texte STARS (PA-2) : « … ition of those products and/or product categories to the Guidelines.- ___ Green Spend as a total percentage of spend per pr … »,25%,25.0,%,25 %,"https://reports.aashe.org/institutions/university-of-california-berkeley-ca/report/2025-02-19/PA/coordination-planning/PA-2/ (texte STARS du crédit PA-2, ligne 19)"
PA2_t18_2,berkeley,text,PA-2,pourcentage citée dans le texte STARS (PA-2) : « … t of services.The University will do so by:a. Allocating a minimum of ___ of the points utilized in solicitation evaluation … »,15%,15.0,%,15 %,"https://reports.aashe.org/institutions/university-of-california-berkeley-ca/report/2025-02-19/PA/coordination-planning/PA-2/ (texte STARS du crédit PA-2, ligne 19)"
PA2_t19_0,berkeley,text,PA-2,"pourcentage citée dans le texte STARS (PA-2) : « … As part of the UC Fair Wage/Fair Work Plan, UC Berkeley ensures that ___ of workers employed by the university or its cont … »",100%,100.0,%,100 %,"https://reports.aashe.org/institutions/university-of-california-berkeley-ca/report/2025-02-19/PA/coordination-planning/PA-2/ (texte STARS du crédit PA-2, ligne 20)"
PA2_t22_0,berkeley,text,PA-2,pourcentage citée dans le texte STARS (PA-2) : « … Berkeley requires all new construction and major renovations to meet ___ LEED Silver standards or higher. This objective t … »,100%,100.0,%,100 %,"https://reports.aashe.org/institutions/university-of-california-berkeley-ca/report/2025-02-19/PA/coordination-planning/PA-2/ (texte STARS du crédit PA-2, ligne 23)"
PA2_t29_0,berkeley,text,PA-2,année citée dans le texte STARS (PA-2) : « … UC Berkeley Long Range Development Plan ___; … »,2021,2021.0,année,2021,"https://reports.aashe.org/institutions/university-of-california-berkeley-ca/report/2025-02-19/PA/coordination-planning/PA-2/ (texte STARS du crédit PA-2, ligne 30)"
PA2_t30_0,berkeley,text,PA-2,"année citée dans le texte STARS (PA-2) : « … In February ___, the campus released its Long Range Developm … »",2021,2021.0,année,2021,"https://reports.aashe.org/institutions/university-of-california-berkeley-ca/report/2025-02-19/PA/coordination-planning/PA-2/ (texte STARS du crédit PA-2, ligne 31)"
PA2_t30_1,berkeley,text,PA-2,"année citée dans le texte STARS (PA-2) : « … In February ___, the campus released its Long Range Development Plan: … »",2021,2021.0,année,2021,"https://reports.aashe.org/institutions/university-of-california-berkeley-ca/report/2025-02-19/PA/coordination-planning/PA-2/ (texte STARS du crédit PA-2, ligne 31)"
PA4_t17_0,berkeley,text,PA-4,"année citée dans le texte STARS (PA-4) : « … us on material ESG risks facing companies that we own. For example in ___, our endowment engaged directly with executive an … »",2024,2024.0,année,2024,"https://reports.aashe.org/institutions/university-of-california-berkeley-ca/report/2025-02-19/PA/investment/PA-4/ (texte STARS du crédit PA-4, ligne 18)"
PA4_t18_0,berkeley,text,PA-4,"année citée dans le texte STARS (PA-4) : « … of California Office of the Chief Investment Officer on February, ___. … »",2025,2025.0,année,2025,"https://reports.aashe.org/institutions/university-of-california-berkeley-ca/report/2025-02-19/PA/investment/PA-4/ (texte STARS du crédit PA-4, ligne 19)"
PA5_t12_0,berkeley,text,PA-5,"année citée dans le texte STARS (PA-5) : « … sity of California Office of the Chief Investment Officer in February ___ based on data from the fiscal year July, -J … »",2025,2025.0,année,2025,"https://reports.aashe.org/institutions/university-of-california-berkeley-ca/report/2025-02-19/PA/investment/PA-5/ (texte STARS du crédit PA-5, ligne 13)"
PA5_t12_1,berkeley,text,PA-5,"année citée dans le texte STARS (PA-5) : « … t Officer in February based on data from the fiscal year July, ___ -June,. … »",2023,2023.0,année,2023,"https://reports.aashe.org/institutions/university-of-california-berkeley-ca/report/2025-02-19/PA/investment/PA-5/ (texte STARS du crédit PA-5, ligne 13)"
PA5_t12_2,berkeley,text,PA-5,"année citée dans le texte STARS (PA-5) : « … ebruary based on data from the fiscal year July, -June, ___. … »",2024,2024.0,année,2024,"https://reports.aashe.org/institutions/university-of-california-berkeley-ca/report/2025-02-19/PA/investment/PA-5/ (texte STARS du crédit PA-5, ligne 13)"
PA7_t0_0,berkeley,text,PA-7,année citée dans le texte STARS (PA-7) : « … nia. Data from US Census Bureau: County Population by Characteristics ___ … »,2023,2023.0,année,2023,"https://reports.aashe.org/institutions/university-of-california-berkeley-ca/report/2025-02-19/PA/representation-access/PA-7/ (texte STARS du crédit PA-7, ligne 1)"
PA9_t0_0,berkeley,text,PA-9,année citée dans le texte STARS (PA-9) : « … of all undergraduate students receiving Pell Grants for academic year ___ - (most recent year publicly available). … »,2021,2021.0,année,2021,"https://reports.aashe.org/institutions/university-of-california-berkeley-ca/report/2025-02-19/PA/representation-access/PA-9/ (texte STARS du crédit PA-9, ligne 1)"
PA11_t3_0,berkeley,text,PA-11,"année citée dans le texte STARS (PA-11) : « … has updated the Smoke and Tobacco-Free Campus Policy as of January, ___.UC Berkeley has been a smoke and tobacco-free env … »",2020,2020.0,année,2020,"https://reports.aashe.org/institutions/university-of-california-berkeley-ca/report/2025-02-19/PA/wellbeing-work/PA-11/ (texte STARS du crédit PA-11, ligne 4)"
PA11_t3_1,berkeley,text,PA-11,"année citée dans le texte STARS (PA-11) : « … rkeley has been a smoke and tobacco-free environment since January, ___ and this amended policy expands the scope that pr … »",2014,2014.0,année,2014,"https://reports.aashe.org/institutions/university-of-california-berkeley-ca/report/2025-02-19/PA/wellbeing-work/PA-11/ (texte STARS du crédit PA-11, ligne 4)"
PA13_t0_0,berkeley,text,PA-13,année citée dans le texte STARS (PA-13) : « … Last analysis conducted / / ___. Population = PPSM career and contracted appointe … »,2023,2023.0,année,2023,"https://reports.aashe.org/institutions/university-of-california-berkeley-ca/report/2025-02-19/PA/wellbeing-work/PA-13/ (texte STARS du crédit PA-13, ligne 1)"
PA13_t1_0,berkeley,text,PA-13,"pourcentage citée dans le texte STARS (PA-13) : « … hr. The campus composite benefits rate for staff members is currently ___. Hence, to qualify for an hourly living wage, the … »",42.8%,42.8,%,"42,8 %","https://reports.aashe.org/institutions/university-of-california-berkeley-ca/report/2025-02-19/PA/wellbeing-work/PA-13/ (texte STARS du crédit PA-13, ligne 2)"
PA13_t1_1,berkeley,text,PA-13,"pourcentage citée dans le texte STARS (PA-13) : « … e, the hourly rate must be at least $ /hr, when incorporating the ___ CBR. … »",42.8%,42.8,%,"42,8 %","https://reports.aashe.org/institutions/university-of-california-berkeley-ca/report/2025-02-19/PA/wellbeing-work/PA-13/ (texte STARS du crédit PA-13, ligne 2)"
IL11_t0_0,berkeley,text,IL-11,"année citée dans le texte STARS (IL-11) : « … On October, ___, FEED (Food, Equity, Entrepreneurship, and Develo … »",2024,2024.0,année,2024,"https://reports.aashe.org/institutions/university-of-california-berkeley-ca/report/2025-02-19/IL/innovation-leadership/IL-11/ (texte STARS du crédit IL-11, ligne 1)"
IL12_t0_0,berkeley,text,IL-12,"année citée dans le texte STARS (IL-12) : « … nics, robotics, prototyping, D printing and fabrication shops.In May ___ the campus produced its first Green Labs Action P … »",2020,2020.0,année,2020,"https://reports.aashe.org/institutions/university-of-california-berkeley-ca/report/2025-02-19/IL/innovation-leadership/IL-12/ (texte STARS du crédit IL-12, ligne 1)"
IL24_t1_0,berkeley,text,IL-24,année citée dans le texte STARS (IL-24) : « … The ___ Long Range Development Plan (LRDP) Environmental … »,2021,2021.0,année,2021,"https://reports.aashe.org/institutions/university-of-california-berkeley-ca/report/2025-02-19/IL/innovation-leadership/IL-24/ (texte STARS du crédit IL-24, ligne 2)"
IL24_t1_1,berkeley,text,IL-24,"année citée dans le texte STARS (IL-24) : « … e determined through a review of available information, including the ___ LRDP EIR, environmental documents on specific de … »",1990,1990.0,année,1990,"https://reports.aashe.org/institutions/university-of-california-berkeley-ca/report/2025-02-19/IL/innovation-leadership/IL-24/ (texte STARS du crédit IL-24, ligne 2)"
IL24_t1_2,berkeley,text,IL-24,"année citée dans le texte STARS (IL-24) : « … eld reconnaissance surveys were conducted on February and April, ___ for the Campus Park and the potential develop … »",2003,2003.0,année,2003,"https://reports.aashe.org/institutions/university-of-california-berkeley-ca/report/2025-02-19/IL/innovation-leadership/IL-24/ (texte STARS du crédit IL-24, ligne 2)"
IL24_t1_3,berkeley,text,IL-24,année citée dans le texte STARS (IL-24) : « … as in the Hill Campus. The potential impacts of implementation of the ___ LRDP were then evaluated against this baseline in … »,2021,2021.0,année,2021,"https://reports.aashe.org/institutions/university-of-california-berkeley-ca/report/2025-02-19/IL/innovation-leadership/IL-24/ (texte STARS du crédit IL-24, ligne 2)"
IL24_t13_0,berkeley,text,IL-24,"année citée dans le texte STARS (IL-24) : « … e natural communities recorded in the CNDDB and identified during May ___ surveys are described in Section, starting on … »",2020,2020.0,année,2020,"https://reports.aashe.org/institutions/university-of-california-berkeley-ca/report/2025-02-19/IL/innovation-leadership/IL-24/ (texte STARS du crédit IL-24, ligne 14)"
IL43_t0_0,berkeley,text,IL-43,année citée dans le texte STARS (IL-43) : « … UC Berkeley submitted its ___ SPLC Navigator SP Assessment representing its spe … »,2024,2024.0,année,2024,"https://reports.aashe.org/institutions/university-of-california-berkeley-ca/report/2025-02-19/IL/innovation-leadership/IL-43/ (texte STARS du crédit IL-43, ligne 1)"
IL43_t0_1,berkeley,text,IL-43,année citée dans le texte STARS (IL-43) : « … SPLC Navigator SP Assessment representing its spend from fiscal year ___. … »,2024,2024.0,année,2024,"https://reports.aashe.org/institutions/university-of-california-berkeley-ca/report/2025-02-19/IL/innovation-leadership/IL-43/ (texte STARS du crédit IL-43, ligne 1)"
IL43_t1_0,berkeley,text,IL-43,année citée dans le texte STARS (IL-43) : « … UC Berkeley's ___ Navigator submission has qualified for SPLC's Top … »,2024,2024.0,année,2024,"https://reports.aashe.org/institutions/university-of-california-berkeley-ca/report/2025-02-19/IL/innovation-leadership/IL-43/ (texte STARS du crédit IL-43, ligne 2)"
IL54_t10_0,berkeley,text,IL-54,"année citée dans le texte STARS (IL-54) : « … sity of California Office of the Chief Investment Officer in February ___ based on data from the July, -June, … »",2025,2025.0,année,2025,"https://reports.aashe.org/institutions/university-of-california-berkeley-ca/report/2025-02-19/IL/innovation-leadership/IL-54/ (texte STARS du crédit IL-54, ligne 11)"
IL54_t10_1,berkeley,text,IL-54,"année citée dans le texte STARS (IL-54) : « … ef Investment Officer in February based on data from the July, ___ -June, fiscal year. … »",2023,2023.0,année,2023,"https://reports.aashe.org/institutions/university-of-california-berkeley-ca/report/2025-02-19/IL/innovation-leadership/IL-54/ (texte STARS du crédit IL-54, ligne 11)"
IL54_t10_2,berkeley,text,IL-54,"année citée dans le texte STARS (IL-54) : « … Officer in February based on data from the July, -June, ___ fiscal year. … »",2024,2024.0,année,2024,"https://reports.aashe.org/institutions/university-of-california-berkeley-ca/report/2025-02-19/IL/innovation-leadership/IL-54/ (texte STARS du crédit IL-54, ligne 11)"
IL56_t0_0,berkeley,text,IL-56,"année citée dans le texte STARS (IL-56) : « … and Educational Technology Services, the Library launched a pilot for ___ - to explore how we might reduce student costs … »",2017,2017.0,année,2017,"https://reports.aashe.org/institutions/university-of-california-berkeley-ca/report/2025-02-19/IL/innovation-leadership/IL-56/ (texte STARS du crédit IL-56, ligne 1)"
IL56_t0_1,berkeley,text,IL-56,"année citée dans le texte STARS (IL-56) : « … ducational Technology Services, the Library launched a pilot for - ___ to explore how we might reduce student costs for … »",2018,2018.0,année,2018,"https://reports.aashe.org/institutions/university-of-california-berkeley-ca/report/2025-02-19/IL/innovation-leadership/IL-56/ (texte STARS du crédit IL-56, ligne 1)"
IL56_t0_2,berkeley,text,IL-56,"année citée dans le texte STARS (IL-56) : « … m The Arcadia Fund.Over the course of the pilot semesters (Fall ___, Spring, and Fall ), the Library support … »",2017,2017.0,année,2017,"https://reports.aashe.org/institutions/university-of-california-berkeley-ca/report/2025-02-19/IL/innovation-leadership/IL-56/ (texte STARS du crédit IL-56, ligne 1)"
IL56_t0_3,berkeley,text,IL-56,"année citée dans le texte STARS (IL-56) : « … Fund.Over the course of the pilot semesters (Fall, Spring ___, and Fall ), the Library supported over co … »",2018,2018.0,année,2018,"https://reports.aashe.org/institutions/university-of-california-berkeley-ca/report/2025-02-19/IL/innovation-leadership/IL-56/ (texte STARS du crédit IL-56, ligne 1)"
IL56_t0_4,berkeley,text,IL-56,"année citée dans le texte STARS (IL-56) : « … course of the pilot semesters (Fall, Spring ___, and Fall ), the Library supported over courses, represen … »",2018,2018.0,année,2018,"https://reports.aashe.org/institutions/university-of-california-berkeley-ca/report/2025-02-19/IL/innovation-leadership/IL-56/ (texte STARS du crédit IL-56, ligne 1)"
IL63_t0_0,berkeley,text,IL-63,année citée dans le texte STARS (IL-63) : « … ___ American Heart Association Workforce Wellbeing Sc … »,2023,2023.0,année,2023,"https://reports.aashe.org/institutions/university-of-california-berkeley-ca/report/2025-02-19/IL/innovation-leadership/IL-63/ (texte STARS du crédit IL-63, ligne 1)"
STARS_score,cork,overall,,Score STARS global,85.99,85.99,,"85,99",https://reports.aashe.org/institutions/university-college-cork-national-university-of-ireland-cork-co-corcaigh/report/2026-03-05/
STARS_date,cork,meta,,Date de soumission STARS,"March 5, 2026",,,5 mars 2026,https://reports.aashe.org/institutions/university-college-cork-national-university-of-ireland-cork-co-corcaigh/report/2026-03-05/
AC1_score,cork,score,AC-1,Points obtenus — Sustainability Course Offerings,14.0,14.0,pts,14,https://reports.aashe.org/institutions/university-college-cork-national-university-of-ireland-cork-co-corcaigh/report/2026-03-05/AC/ (AC-1)
AC1_max,cork,max,AC-1,Points possibles — Sustainability Course Offerings,14.0,14.0,pts,14,https://reports.aashe.org/institutions/university-college-cork-national-university-of-ireland-cork-co-corcaigh/report/2026-03-05/AC/ (AC-1)
AC2_score,cork,score,AC-2,Points obtenus — Undergraduate Programs,14.69,14.69,pts,"14,69",https://reports.aashe.org/institutions/university-college-cork-national-university-of-ireland-cork-co-corcaigh/report/2026-03-05/AC/ (AC-2)
AC2_max,cork,max,AC-2,Points possibles — Undergraduate Programs,15.0,15.0,pts,15,https://reports.aashe.org/institutions/university-college-cork-national-university-of-ireland-cork-co-corcaigh/report/2026-03-05/AC/ (AC-2)
AC3_score,cork,score,AC-3,Points obtenus — Graduate Programs,7.09,7.09,pts,"7,09",https://reports.aashe.org/institutions/university-college-cork-national-university-of-ireland-cork-co-corcaigh/report/2026-03-05/AC/ (AC-3)
AC3_max,cork,max,AC-3,Points possibles — Graduate Programs,8.0,8.0,pts,8,https://reports.aashe.org/institutions/university-college-cork-national-university-of-ireland-cork-co-corcaigh/report/2026-03-05/AC/ (AC-3)
AC4_score,cork,score,AC-4,Points obtenus — Applied Learning,4.0,4.0,pts,4,https://reports.aashe.org/institutions/university-college-cork-national-university-of-ireland-cork-co-corcaigh/report/2026-03-05/AC/ (AC-4)
AC4_max,cork,max,AC-4,Points possibles — Applied Learning,4.0,4.0,pts,4,https://reports.aashe.org/institutions/university-college-cork-national-university-of-ireland-cork-co-corcaigh/report/2026-03-05/AC/ (AC-4)
AC5_score,cork,score,AC-5,Points obtenus — Sustainability Literacy Assessment,2.25,2.25,pts,"2,25",https://reports.aashe.org/institutions/university-college-cork-national-university-of-ireland-cork-co-corcaigh/report/2026-03-05/AC/ (AC-5)
AC5_max,cork,max,AC-5,Points possibles — Sustainability Literacy Assessment,4.0,4.0,pts,4,https://reports.aashe.org/institutions/university-college-cork-national-university-of-ireland-cork-co-corcaigh/report/2026-03-05/AC/ (AC-5)
AC6_score,cork,score,AC-6,Points obtenus — Sustainability Research,10.0,10.0,pts,10,https://reports.aashe.org/institutions/university-college-cork-national-university-of-ireland-cork-co-corcaigh/report/2026-03-05/AC/ (AC-6)
AC6_max,cork,max,AC-6,Points possibles — Sustainability Research,10.0,10.0,pts,10,https://reports.aashe.org/institutions/university-college-cork-national-university-of-ireland-cork-co-corcaigh/report/2026-03-05/AC/ (AC-6)
AC7_score,cork,score,AC-7,Points obtenus — Center for Sustainability Research,6.0,6.0,pts,6,https://reports.aashe.org/institutions/university-college-cork-national-university-of-ireland-cork-co-corcaigh/report/2026-03-05/AC/ (AC-7)
AC7_max,cork,max,AC-7,Points possibles — Center for Sustainability Research,6.0,6.0,pts,6,https://reports.aashe.org/institutions/university-college-cork-national-university-of-ireland-cork-co-corcaigh/report/2026-03-05/AC/ (AC-7)
AC8_score,cork,score,AC-8,Points obtenus — Responsible Research and Innovation,7.0,7.0,pts,7,https://reports.aashe.org/institutions/university-college-cork-national-university-of-ireland-cork-co-corcaigh/report/2026-03-05/AC/ (AC-8)
AC8_max,cork,max,AC-8,Points possibles — Responsible Research and Innovation,7.0,7.0,pts,7,https://reports.aashe.org/institutions/university-college-cork-national-university-of-ireland-cork-co-corcaigh/report/2026-03-05/AC/ (AC-8)
EN1_score,cork,score,EN-1,Points obtenus — Outreach and Communications,5.0,5.0,pts,5,https://reports.aashe.org/institutions/university-college-cork-national-university-of-ireland-cork-co-corcaigh/report/2026-03-05/EN/ (EN-1)
EN1_max,cork,max,EN-1,Points possibles — Outreach and Communications,5.0,5.0,pts,5,https://reports.aashe.org/institutions/university-college-cork-national-university-of-ireland-cork-co-corcaigh/report/2026-03-05/EN/ (EN-1)
EN2_score,cork,score,EN-2,Points obtenus — Co-Curricular Activities,9.0,9.0,pts,9,https://reports.aashe.org/institutions/university-college-cork-national-university-of-ireland-cork-co-corcaigh/report/2026-03-05/EN/ (EN-2)
EN2_max,cork,max,EN-2,Points possibles — Co-Curricular Activities,9.0,9.0,pts,9,https://reports.aashe.org/institutions/university-college-cork-national-university-of-ireland-cork-co-corcaigh/report/2026-03-05/EN/ (EN-2)
EN3_score,cork,score,EN-3,Points obtenus — Staff Engagement and Training,8.0,8.0,pts,8,https://reports.aashe.org/institutions/university-college-cork-national-university-of-ireland-cork-co-corcaigh/report/2026-03-05/EN/ (EN-3)
EN3_max,cork,max,EN-3,Points possibles — Staff Engagement and Training,8.0,8.0,pts,8,https://reports.aashe.org/institutions/university-college-cork-national-university-of-ireland-cork-co-corcaigh/report/2026-03-05/EN/ (EN-3)
EN4_score,cork,score,EN-4,Points obtenus — Sustainability Culture Assessment,1.5,1.5,pts,"1,5",https://reports.aashe.org/institutions/university-college-cork-national-university-of-ireland-cork-co-corcaigh/report/2026-03-05/EN/ (EN-4)
EN4_max,cork,max,EN-4,Points possibles — Sustainability Culture Assessment,3.0,3.0,pts,3,https://reports.aashe.org/institutions/university-college-cork-national-university-of-ireland-cork-co-corcaigh/report/2026-03-05/EN/ (EN-4)
EN5_score,cork,score,EN-5,Points obtenus — Civic Engagement,7.0,7.0,pts,7,https://reports.aashe.org/institutions/university-college-cork-national-university-of-ireland-cork-co-corcaigh/report/2026-03-05/EN/ (EN-5)
EN5_max,cork,max,EN-5,Points possibles — Civic Engagement,8.0,8.0,pts,8,https://reports.aashe.org/institutions/university-college-cork-national-university-of-ireland-cork-co-corcaigh/report/2026-03-05/EN/ (EN-5)
EN6_score,cork,score,EN-6,Points obtenus — Community Partnerships,8.0,8.0,pts,8,https://reports.aashe.org/institutions/university-college-cork-national-university-of-ireland-cork-co-corcaigh/report/2026-03-05/EN/ (EN-6)
EN6_max,cork,max,EN-6,Points possibles — Community Partnerships,9.0,9.0,pts,9,https://reports.aashe.org/institutions/university-college-cork-national-university-of-ireland-cork-co-corcaigh/report/2026-03-05/EN/ (EN-6)
EN7_score,cork,score,EN-7,Points obtenus — Continuing Education,3.0,3.0,pts,3,https://reports.aashe.org/institutions/university-college-cork-national-university-of-ireland-cork-co-corcaigh/report/2026-03-05/EN/ (EN-7)
EN7_max,cork,max,EN-7,Points possibles — Continuing Education,3.0,3.0,pts,3,https://reports.aashe.org/institutions/university-college-cork-national-university-of-ireland-cork-co-corcaigh/report/2026-03-05/EN/ (EN-7)
EN8_score,cork,score,EN-8,Points obtenus — Shared Facilities,2.0,2.0,pts,2,https://reports.aashe.org/institutions/university-college-cork-national-university-of-ireland-cork-co-corcaigh/report/2026-03-05/EN/ (EN-8)
EN8_max,cork,max,EN-8,Points possibles — Shared Facilities,2.0,2.0,pts,2,https://reports.aashe.org/institutions/university-college-cork-national-university-of-ireland-cork-co-corcaigh/report/2026-03-05/EN/ (EN-8)
EN9_score,cork,score,EN-9,Points obtenus — Inter-Campus Collaboration,3.0,3.0,pts,3,https://reports.aashe.org/institutions/university-college-cork-national-university-of-ireland-cork-co-corcaigh/report/2026-03-05/EN/ (EN-9)
EN9_max,cork,max,EN-9,Points possibles — Inter-Campus Collaboration,3.0,3.0,pts,3,https://reports.aashe.org/institutions/university-college-cork-national-university-of-ireland-cork-co-corcaigh/report/2026-03-05/EN/ (EN-9)
OP1_score,cork,score,OP-1,Points obtenus — Building Design and Construction,2.95,2.95,pts,"2,95",https://reports.aashe.org/institutions/university-college-cork-national-university-of-ireland-cork-co-corcaigh/report/2026-03-05/OP/ (OP-1)
OP1_max,cork,max,OP-1,Points possibles — Building Design and Construction,3.0,3.0,pts,3,https://reports.aashe.org/institutions/university-college-cork-national-university-of-ireland-cork-co-corcaigh/report/2026-03-05/OP/ (OP-1)
OP2_score,cork,score,OP-2,Points obtenus — Building Operations and Maintenance,2.08,2.08,pts,"2,08",https://reports.aashe.org/institutions/university-college-cork-national-university-of-ireland-cork-co-corcaigh/report/2026-03-05/OP/ (OP-2)
OP2_max,cork,max,OP-2,Points possibles — Building Operations and Maintenance,5.0,5.0,pts,5,https://reports.aashe.org/institutions/university-college-cork-national-university-of-ireland-cork-co-corcaigh/report/2026-03-05/OP/ (OP-2)
OP3_score,cork,score,OP-3,Points obtenus — Water Use,4.67,4.67,pts,"4,67",https://reports.aashe.org/institutions/university-college-cork-national-university-of-ireland-cork-co-corcaigh/report/2026-03-05/OP/ (OP-3)
OP3_max,cork,max,OP-3,Points possibles — Water Use,6.0,6.0,pts,6,https://reports.aashe.org/institutions/university-college-cork-national-university-of-ireland-cork-co-corcaigh/report/2026-03-05/OP/ (OP-3)
OP4_score,cork,score,OP-4,Points obtenus — Ecologically Managed Grounds,4.06,4.06,pts,"4,06",https://reports.aashe.org/institutions/university-college-cork-national-university-of-ireland-cork-co-corcaigh/report/2026-03-05/OP/ (OP-4)
OP4_max,cork,max,OP-4,Points possibles — Ecologically Managed Grounds,5.0,5.0,pts,5,https://reports.aashe.org/institutions/university-college-cork-national-university-of-ireland-cork-co-corcaigh/report/2026-03-05/OP/ (OP-4)
OP5_score,cork,score,OP-5,Points obtenus — Energy Use,5.62,5.62,pts,"5,62",https://reports.aashe.org/institutions/university-college-cork-national-university-of-ireland-cork-co-corcaigh/report/2026-03-05/OP/ (OP-5)
OP5_max,cork,max,OP-5,Points possibles — Energy Use,10.0,10.0,pts,10,https://reports.aashe.org/institutions/university-college-cork-national-university-of-ireland-cork-co-corcaigh/report/2026-03-05/OP/ (OP-5)
OP6_score,cork,score,OP-6,Points obtenus — Greenhouse Gas Emissions,10.63,10.63,pts,"10,63",https://reports.aashe.org/institutions/university-college-cork-national-university-of-ireland-cork-co-corcaigh/report/2026-03-05/OP/ (OP-6)
OP6_max,cork,max,OP-6,Points possibles — Greenhouse Gas Emissions,16.0,16.0,pts,16,https://reports.aashe.org/institutions/university-college-cork-national-university-of-ireland-cork-co-corcaigh/report/2026-03-05/OP/ (OP-6)
OP7_score,cork,score,OP-7,Points obtenus — Dining Service Procurement,5.8,5.8,pts,"5,8",https://reports.aashe.org/institutions/university-college-cork-national-university-of-ireland-cork-co-corcaigh/report/2026-03-05/OP/ (OP-7)
OP7_max,cork,max,OP-7,Points possibles — Dining Service Procurement,8.0,8.0,pts,8,https://reports.aashe.org/institutions/university-college-cork-national-university-of-ireland-cork-co-corcaigh/report/2026-03-05/OP/ (OP-7)
OP8_score,cork,score,OP-8,Points obtenus — Food Recovery,2.0,2.0,pts,2,https://reports.aashe.org/institutions/university-college-cork-national-university-of-ireland-cork-co-corcaigh/report/2026-03-05/OP/ (OP-8)
OP8_max,cork,max,OP-8,Points possibles — Food Recovery,2.0,2.0,pts,2,https://reports.aashe.org/institutions/university-college-cork-national-university-of-ireland-cork-co-corcaigh/report/2026-03-05/OP/ (OP-8)
OP9_score,cork,score,OP-9,Points obtenus — Sustainable Procurement System,2.15,2.15,pts,"2,15",https://reports.aashe.org/institutions/university-college-cork-national-university-of-ireland-cork-co-corcaigh/report/2026-03-05/OP/ (OP-9)
OP9_max,cork,max,OP-9,Points possibles — Sustainable Procurement System,7.0,7.0,pts,7,https://reports.aashe.org/institutions/university-college-cork-national-university-of-ireland-cork-co-corcaigh/report/2026-03-05/OP/ (OP-9)
OP10_score,cork,score,OP-10,Points obtenus — Purchased Goods,1.13,1.13,pts,"1,13",https://reports.aashe.org/institutions/university-college-cork-national-university-of-ireland-cork-co-corcaigh/report/2026-03-05/OP/ (OP-10)
OP10_max,cork,max,OP-10,Points possibles — Purchased Goods,4.0,4.0,pts,4,https://reports.aashe.org/institutions/university-college-cork-national-university-of-ireland-cork-co-corcaigh/report/2026-03-05/OP/ (OP-10)
OP11_score,cork,score,OP-11,Points obtenus — Materials Management,3.0,3.0,pts,3,https://reports.aashe.org/institutions/university-college-cork-national-university-of-ireland-cork-co-corcaigh/report/2026-03-05/OP/ (OP-11)
OP11_max,cork,max,OP-11,Points possibles — Materials Management,4.0,4.0,pts,4,https://reports.aashe.org/institutions/university-college-cork-national-university-of-ireland-cork-co-corcaigh/report/2026-03-05/OP/ (OP-11)
OP12_score,cork,score,OP-12,Points obtenus — Waste Generation and Recovery,3.99,3.99,pts,"3,99",https://reports.aashe.org/institutions/university-college-cork-national-university-of-ireland-cork-co-corcaigh/report/2026-03-05/OP/ (OP-12)
OP12_max,cork,max,OP-12,Points possibles — Waste Generation and Recovery,5.0,5.0,pts,5,https://reports.aashe.org/institutions/university-college-cork-national-university-of-ireland-cork-co-corcaigh/report/2026-03-05/OP/ (OP-12)
OP13_score,cork,score,OP-13,Points obtenus — Vehicle Fleet,0.67,0.67,pts,"0,67",https://reports.aashe.org/institutions/university-college-cork-national-university-of-ireland-cork-co-corcaigh/report/2026-03-05/OP/ (OP-13)
OP13_max,cork,max,OP-13,Points possibles — Vehicle Fleet,2.0,2.0,pts,2,https://reports.aashe.org/institutions/university-college-cork-national-university-of-ireland-cork-co-corcaigh/report/2026-03-05/OP/ (OP-13)
OP14_score,cork,score,OP-14,Points obtenus — Commute Modal Split,4.83,4.83,pts,"4,83",https://reports.aashe.org/institutions/university-college-cork-national-university-of-ireland-cork-co-corcaigh/report/2026-03-05/OP/ (OP-14)
OP14_max,cork,max,OP-14,Points possibles — Commute Modal Split,6.0,6.0,pts,6,https://reports.aashe.org/institutions/university-college-cork-national-university-of-ireland-cork-co-corcaigh/report/2026-03-05/OP/ (OP-14)
OP15_score,cork,score,OP-15,Points obtenus — Air Travel,0.0,0.0,pts,0,https://reports.aashe.org/institutions/university-college-cork-national-university-of-ireland-cork-co-corcaigh/report/2026-03-05/OP/ (OP-15)
OP15_max,cork,max,OP-15,Points possibles — Air Travel,2.0,2.0,pts,2,https://reports.aashe.org/institutions/university-college-cork-national-university-of-ireland-cork-co-corcaigh/report/2026-03-05/OP/ (OP-15)
PA1_score,cork,score,PA-1,Points obtenus — Sustainability Coordination,1.0,1.0,pts,1,https://reports.aashe.org/institutions/university-college-cork-national-university-of-ireland-cork-co-corcaigh/report/2026-03-05/PA/ (PA-1)
PA1_max,cork,max,PA-1,Points possibles — Sustainability Coordination,1.0,1.0,pts,1,https://reports.aashe.org/institutions/university-college-cork-national-university-of-ireland-cork-co-corcaigh/report/2026-03-05/PA/ (PA-1)
PA2_score,cork,score,PA-2,Points obtenus — Commitments and Planning,5.67,5.67,pts,"5,67",https://reports.aashe.org/institutions/university-college-cork-national-university-of-ireland-cork-co-corcaigh/report/2026-03-05/PA/ (PA-2)
PA2_max,cork,max,PA-2,Points possibles — Commitments and Planning,6.0,6.0,pts,6,https://reports.aashe.org/institutions/university-college-cork-national-university-of-ireland-cork-co-corcaigh/report/2026-03-05/PA/ (PA-2)
PA3_score,cork,score,PA-3,Points obtenus — Institutional Governance,4.0,4.0,pts,4,https://reports.aashe.org/institutions/university-college-cork-national-university-of-ireland-cork-co-corcaigh/report/2026-03-05/PA/ (PA-3)
PA3_max,cork,max,PA-3,Points possibles — Institutional Governance,4.0,4.0,pts,4,https://reports.aashe.org/institutions/university-college-cork-national-university-of-ireland-cork-co-corcaigh/report/2026-03-05/PA/ (PA-3)
PA4_score,cork,score,PA-4,Points obtenus — Sustainable Investment Program,3.33,3.33,pts,"3,33",https://reports.aashe.org/institutions/university-college-cork-national-university-of-ireland-cork-co-corcaigh/report/2026-03-05/PA/ (PA-4)
PA4_max,cork,max,PA-4,Points possibles — Sustainable Investment Program,4.0,4.0,pts,4,https://reports.aashe.org/institutions/university-college-cork-national-university-of-ireland-cork-co-corcaigh/report/2026-03-05/PA/ (PA-4)
PA5_score,cork,score,PA-5,Points obtenus — Investment Holdings,1.93,1.93,pts,"1,93",https://reports.aashe.org/institutions/university-college-cork-national-university-of-ireland-cork-co-corcaigh/report/2026-03-05/PA/ (PA-5)
PA5_max,cork,max,PA-5,Points possibles — Investment Holdings,3.0,3.0,pts,3,https://reports.aashe.org/institutions/university-college-cork-national-university-of-ireland-cork-co-corcaigh/report/2026-03-05/PA/ (PA-5)
PA6_score,cork,score,PA-6,Points obtenus — Institutional Climate,3.0,3.0,pts,3,https://reports.aashe.org/institutions/university-college-cork-national-university-of-ireland-cork-co-corcaigh/report/2026-03-05/PA/ (PA-6)
PA6_max,cork,max,PA-6,Points possibles — Institutional Climate,3.0,3.0,pts,3,https://reports.aashe.org/institutions/university-college-cork-national-university-of-ireland-cork-co-corcaigh/report/2026-03-05/PA/ (PA-6)
PA7_score,cork,score,PA-7,Points obtenus — Racial and Ethnic Representation,1.2,1.2,pts,"1,2",https://reports.aashe.org/institutions/university-college-cork-national-university-of-ireland-cork-co-corcaigh/report/2026-03-05/PA/ (PA-7)
PA7_max,cork,max,PA-7,Points possibles — Racial and Ethnic Representation,3.0,3.0,pts,3,https://reports.aashe.org/institutions/university-college-cork-national-university-of-ireland-cork-co-corcaigh/report/2026-03-05/PA/ (PA-7)
PA8_score,cork,score,PA-8,Points obtenus — Gender Parity,2.0,2.0,pts,2,https://reports.aashe.org/institutions/university-college-cork-national-university-of-ireland-cork-co-corcaigh/report/2026-03-05/PA/ (PA-8)
PA8_max,cork,max,PA-8,Points possibles — Gender Parity,2.0,2.0,pts,2,https://reports.aashe.org/institutions/university-college-cork-national-university-of-ireland-cork-co-corcaigh/report/2026-03-05/PA/ (PA-8)
PA9_score,cork,score,PA-9,Points obtenus — Affordability and Access,2.0,2.0,pts,2,https://reports.aashe.org/institutions/university-college-cork-national-university-of-ireland-cork-co-corcaigh/report/2026-03-05/PA/ (PA-9)
PA9_max,cork,max,PA-9,Points possibles — Affordability and Access,3.0,3.0,pts,3,https://reports.aashe.org/institutions/university-college-cork-national-university-of-ireland-cork-co-corcaigh/report/2026-03-05/PA/ (PA-9)
PA10_score,cork,score,PA-10,Points obtenus — Student Success,2.5,2.5,pts,"2,5",https://reports.aashe.org/institutions/university-college-cork-national-university-of-ireland-cork-co-corcaigh/report/2026-03-05/PA/ (PA-10)
PA10_max,cork,max,PA-10,Points possibles — Student Success,3.0,3.0,pts,3,https://reports.aashe.org/institutions/university-college-cork-national-university-of-ireland-cork-co-corcaigh/report/2026-03-05/PA/ (PA-10)
PA11_score,cork,score,PA-11,"Points obtenus — Health, Safety and Wellbeing",3.0,3.0,pts,3,https://reports.aashe.org/institutions/university-college-cork-national-university-of-ireland-cork-co-corcaigh/report/2026-03-05/PA/ (PA-11)
PA11_max,cork,max,PA-11,"Points possibles — Health, Safety and Wellbeing",3.0,3.0,pts,3,https://reports.aashe.org/institutions/university-college-cork-national-university-of-ireland-cork-co-corcaigh/report/2026-03-05/PA/ (PA-11)
PA12_score,cork,score,PA-12,Points obtenus — Employee Rights,3.0,3.0,pts,3,https://reports.aashe.org/institutions/university-college-cork-national-university-of-ireland-cork-co-corcaigh/report/2026-03-05/PA/ (PA-12)
PA12_max,cork,max,PA-12,Points possibles — Employee Rights,3.0,3.0,pts,3,https://reports.aashe.org/institutions/university-college-cork-national-university-of-ireland-cork-co-corcaigh/report/2026-03-05/PA/ (PA-12)
PA13_score,cork,score,PA-13,Points obtenus — Pay Equity and Living Wage,3.8,3.8,pts,"3,8",https://reports.aashe.org/institutions/university-college-cork-national-university-of-ireland-cork-co-corcaigh/report/2026-03-05/PA/ (PA-13)
PA13_max,cork,max,PA-13,Points possibles — Pay Equity and Living Wage,5.0,5.0,pts,5,https://reports.aashe.org/institutions/university-college-cork-national-university-of-ireland-cork-co-corcaigh/report/2026-03-05/PA/ (PA-13)
IL5_score,cork,score,IL-5,Points obtenus — Open Online Sustainability Course,1.0,1.0,pts,1,https://reports.aashe.org/institutions/university-college-cork-national-university-of-ireland-cork-co-corcaigh/report/2026-03-05/IL/ (IL-5)
IL5_max,cork,max,IL-5,Points possibles — Open Online Sustainability Course,1.0,1.0,pts,1,https://reports.aashe.org/institutions/university-college-cork-national-university-of-ireland-cork-co-corcaigh/report/2026-03-05/IL/ (IL-5)
IL24_score,cork,score,IL-24,Points obtenus — Biodiversity Assessment,1.0,1.0,pts,1,https://reports.aashe.org/institutions/university-college-cork-national-university-of-ireland-cork-co-corcaigh/report/2026-03-05/IL/ (IL-24)
IL24_max,cork,max,IL-24,Points possibles — Biodiversity Assessment,1.0,1.0,pts,1,https://reports.aashe.org/institutions/university-college-cork-national-university-of-ireland-cork-co-corcaigh/report/2026-03-05/IL/ (IL-24)
IL29_score,cork,score,IL-29,Points obtenus — Zero Emission Grounds Equipment,1.0,1.0,pts,1,https://reports.aashe.org/institutions/university-college-cork-national-university-of-ireland-cork-co-corcaigh/report/2026-03-05/IL/ (IL-29)
IL29_max,cork,max,IL-29,Points possibles — Zero Emission Grounds Equipment,1.0,1.0,pts,1,https://reports.aashe.org/institutions/university-college-cork-national-university-of-ireland-cork-co-corcaigh/report/2026-03-05/IL/ (IL-29)
IL30_score,cork,score,IL-30,Points obtenus — Energy System Certification,1.0,1.0,pts,1,https://reports.aashe.org/institutions/university-college-cork-national-university-of-ireland-cork-co-corcaigh/report/2026-03-05/IL/ (IL-30)
IL30_max,cork,max,IL-30,Points possibles — Energy System Certification,1.0,1.0,pts,1,https://reports.aashe.org/institutions/university-college-cork-national-university-of-ireland-cork-co-corcaigh/report/2026-03-05/IL/ (IL-30)
IL58_score,cork,score,IL-58,Points obtenus — Universal Design,1.0,1.0,pts,1,https://reports.aashe.org/institutions/university-college-cork-national-university-of-ireland-cork-co-corcaigh/report/2026-03-05/IL/ (IL-58)
IL58_max,cork,max,IL-58,Points possibles — Universal Design,1.0,1.0,pts,1,https://reports.aashe.org/institutions/university-college-cork-national-university-of-ireland-cork-co-corcaigh/report/2026-03-05/IL/ (IL-58)
IL65_score,cork,score,IL-65,Points obtenus — Innovation A,1.0,1.0,pts,1,https://reports.aashe.org/institutions/university-college-cork-national-university-of-ireland-cork-co-corcaigh/report/2026-03-05/IL/ (IL-65)
IL65_max,cork,max,IL-65,Points possibles — Innovation A,1.0,1.0,pts,1,https://reports.aashe.org/institutions/university-college-cork-national-university-of-ireland-cork-co-corcaigh/report/2026-03-05/IL/ (IL-65)
IL66_score,cork,score,IL-66,Points obtenus — Innovation B,1.0,1.0,pts,1,https://reports.aashe.org/institutions/university-college-cork-national-university-of-ireland-cork-co-corcaigh/report/2026-03-05/IL/ (IL-66)
IL66_max,cork,max,IL-66,Points possibles — Innovation B,1.0,1.0,pts,1,https://reports.aashe.org/institutions/university-college-cork-national-university-of-ireland-cork-co-corcaigh/report/2026-03-05/IL/ (IL-66)
IL67_score,cork,score,IL-67,Points obtenus — Innovation C,1.0,1.0,pts,1,https://reports.aashe.org/institutions/university-college-cork-national-university-of-ireland-cork-co-corcaigh/report/2026-03-05/IL/ (IL-67)
IL67_max,cork,max,IL-67,Points possibles — Innovation C,1.0,1.0,pts,1,https://reports.aashe.org/institutions/university-college-cork-national-university-of-ireland-cork-co-corcaigh/report/2026-03-05/IL/ (IL-67)
IL68_score,cork,score,IL-68,Points obtenus — Innovation D,1.0,1.0,pts,1,https://reports.aashe.org/institutions/university-college-cork-national-university-of-ireland-cork-co-corcaigh/report/2026-03-05/IL/ (IL-68)
IL68_max,cork,max,IL-68,Points possibles — Innovation D,1.0,1.0,pts,1,https://reports.aashe.org/institutions/university-college-cork-national-university-of-ireland-cork-co-corcaigh/report/2026-03-05/IL/ (IL-68)
IL69_score,cork,score,IL-69,Points obtenus — Innovation E,1.0,1.0,pts,1,https://reports.aashe.org/institutions/university-college-cork-national-university-of-ireland-cork-co-corcaigh/report/2026-03-05/IL/ (IL-69)
IL69_max,cork,max,IL-69,Points possibles — Innovation E,1.0,1.0,pts,1,https://reports.aashe.org/institutions/university-college-cork-national-university-of-ireland-cork-co-corcaigh/report/2026-03-05/IL/ (IL-69)
ENV_points,cork,pillar,,Points obtenus — pilier Environnement,53.58,53.58,pts,"53,58","calcul : somme de OP-1, OP-10, OP-11, OP-12, OP-13, OP-14, OP-15, OP-2, OP-3, OP-4, OP-5, OP-6, OP-7, OP-8, OP-9 (crédits notés uniquement)"
ENV_max,cork,pillar,,Points possibles — pilier Environnement,85.0,85.0,pts,85,"calcul : somme de OP-1, OP-10, OP-11, OP-12, OP-13, OP-14, OP-15, OP-2, OP-3, OP-4, OP-5, OP-6, OP-7, OP-8, OP-9 (crédits notés uniquement)"
ENV_pct,cork,pillar,,Part des points obtenus — pilier Environnement,63.0,63.0,%,"63,0 %","calcul : somme de OP-1, OP-10, OP-11, OP-12, OP-13, OP-14, OP-15, OP-2, OP-3, OP-4, OP-5, OP-6, OP-7, OP-8, OP-9 (crédits notés uniquement) ; points obtenus / points possibles × 100"
SOC_points,cork,pillar,,Points obtenus — pilier Social,20.5,20.5,pts,"20,50","calcul : somme de PA-10, PA-11, PA-12, PA-13, PA-6, PA-7, PA-8, PA-9 (crédits notés uniquement)"
SOC_max,cork,pillar,,Points possibles — pilier Social,25.0,25.0,pts,25,"calcul : somme de PA-10, PA-11, PA-12, PA-13, PA-6, PA-7, PA-8, PA-9 (crédits notés uniquement)"
SOC_pct,cork,pillar,,Part des points obtenus — pilier Social,82.0,82.0,%,"82,0 %","calcul : somme de PA-10, PA-11, PA-12, PA-13, PA-6, PA-7, PA-8, PA-9 (crédits notés uniquement) ; points obtenus / points possibles × 100"
GOV_points,cork,pillar,,Points obtenus — pilier Gouvernance,15.93,15.93,pts,"15,93","calcul : somme de PA-1, PA-2, PA-3, PA-4, PA-5 (crédits notés uniquement)"
GOV_max,cork,pillar,,Points possibles — pilier Gouvernance,18.0,18.0,pts,18,"calcul : somme de PA-1, PA-2, PA-3, PA-4, PA-5 (crédits notés uniquement)"
GOV_pct,cork,pillar,,Part des points obtenus — pilier Gouvernance,88.5,88.5,%,"88,5 %","calcul : somme de PA-1, PA-2, PA-3, PA-4, PA-5 (crédits notés uniquement) ; points obtenus / points possibles × 100"
CTX_points,cork,pillar,,"Points obtenus — pilier Enseignement, recherche et engagement",111.53,111.53,pts,"111,53","calcul : somme de AC-1, AC-2, AC-3, AC-4, AC-5, AC-6, AC-7, AC-8, EN-1, EN-2, EN-3, EN-4, EN-5, EN-6, EN-7, EN-8, EN-9 (crédits notés uniquement)"
CTX_max,cork,pillar,,"Points possibles — pilier Enseignement, recherche et engagement",118.0,118.0,pts,118,"calcul : somme de AC-1, AC-2, AC-3, AC-4, AC-5, AC-6, AC-7, AC-8, EN-1, EN-2, EN-3, EN-4, EN-5, EN-6, EN-7, EN-8, EN-9 (crédits notés uniquement)"
CTX_pct,cork,pillar,,"Part des points obtenus — pilier Enseignement, recherche et engagement",94.5,94.5,%,"94,5 %","calcul : somme de AC-1, AC-2, AC-3, AC-4, AC-5, AC-6, AC-7, AC-8, EN-1, EN-2, EN-3, EN-4, EN-5, EN-6, EN-7, EN-8, EN-9 (crédits notés uniquement) ; points obtenus / points possibles × 100"
PRE2_t0_0,cork,text,PRE-2,"année citée dans le texte STARS (PRE-2) : « … In ___, UCC was the first university in the world to be … »",2010,2010.0,année,2010,"https://reports.aashe.org/institutions/university-college-cork-national-university-of-ireland-cork-co-corcaigh/report/2026-03-05/PRE/report-preface/PRE-2/ (texte STARS du crédit PRE-2, ligne 1)"
PRE2_t0_1,cork,text,PRE-2,"année citée dans le texte STARS (PRE-2) : « … rded a Green Flag from the Foundation for Environmental Education. In ___, we were the first University globally to renew o … »",2023,2023.0,année,2023,"https://reports.aashe.org/institutions/university-college-cork-national-university-of-ireland-cork-co-corcaigh/report/2026-03-05/PRE/report-preface/PRE-2/ (texte STARS du crédit PRE-2, ligne 1)"
PRE2_t1_0,cork,text,PRE-2,"année citée dans le texte STARS (PRE-2) : « … uch as systems thinking, critical reflection, or normative values. In ___ the University appointed its first ESD Officer, b … »",2024,2024.0,année,2024,"https://reports.aashe.org/institutions/university-college-cork-national-university-of-ireland-cork-co-corcaigh/report/2026-03-05/PRE/report-preface/PRE-2/ (texte STARS du crédit PRE-2, ligne 2)"
PRE2_t3_0,cork,text,PRE-2,pourcentage citée dans le texte STARS (PRE-2) : « … Mapping exercises reveal that ___ of UCC's undergraduate programmes now explicitly … »,75%,75.0,%,75 %,"https://reports.aashe.org/institutions/university-college-cork-national-university-of-ireland-cork-co-corcaigh/report/2026-03-05/PRE/report-preface/PRE-2/ (texte STARS du crédit PRE-2, ligne 4)"
PRE2_t4_0,cork,text,PRE-2,"année citée dans le texte STARS (PRE-2) : « … In ___, UCC also required all Programme Directors to inc … »",2024,2024.0,année,2024,"https://reports.aashe.org/institutions/university-college-cork-national-university-of-ireland-cork-co-corcaigh/report/2026-03-05/PRE/report-preface/PRE-2/ (texte STARS du crédit PRE-2, ligne 5)"
PRE2_t6_0,cork,text,PRE-2,"année citée dans le texte STARS (PRE-2) : « … In Febraury ___, UCC together with Queen's University Belfast lau … »",2022,2022.0,année,2022,"https://reports.aashe.org/institutions/university-college-cork-national-university-of-ireland-cork-co-corcaigh/report/2026-03-05/PRE/report-preface/PRE-2/ (texte STARS du crédit PRE-2, ligne 7)"
PRE2_t6_1,cork,text,PRE-2,année citée dans le texte STARS (PRE-2) : « … NGOs across the island of Ireland to accelerate implementation of the ___ Agenda and its SDGs. SDSN Ireland members collabo … »,2030,2030.0,année,2030,"https://reports.aashe.org/institutions/university-college-cork-national-university-of-ireland-cork-co-corcaigh/report/2026-03-05/PRE/report-preface/PRE-2/ (texte STARS du crédit PRE-2, ligne 7)"
PRE2_t7_0,cork,text,PRE-2,année citée dans le texte STARS (PRE-2) : « … sity College Cork supported the nd National SDG Stakeholder Forum of ___ under the banner “SDG Localisation – SDGs Working … »,2025,2025.0,année,2025,"https://reports.aashe.org/institutions/university-college-cork-national-university-of-ireland-cork-co-corcaigh/report/2026-03-05/PRE/report-preface/PRE-2/ (texte STARS du crédit PRE-2, ligne 8)"
PRE2_t8_0,cork,text,PRE-2,année citée dans le texte STARS (PRE-2) : « … ons and interactive workshops underscored the urgent need to root the ___ Agenda for Sustainable Development in local commu … »,2030,2030.0,année,2030,"https://reports.aashe.org/institutions/university-college-cork-national-university-of-ireland-cork-co-corcaigh/report/2026-03-05/PRE/report-preface/PRE-2/ (texte STARS du crédit PRE-2, ligne 9)"
AC4_t0_0,cork,text,AC-4,"année citée dans le texte STARS (AC-4) : « … s, using UCC itself as a testbed. The first call for proposals was in ___, our second took place in November, and in J … »",2019,2019.0,année,2019,"https://reports.aashe.org/institutions/university-college-cork-national-university-of-ireland-cork-co-corcaigh/report/2026-03-05/AC/curriculum/AC-4/ (texte STARS du crédit AC-4, ligne 1)"
AC4_t0_1,cork,text,AC-4,"année citée dans le texte STARS (AC-4) : « … rst call for proposals was in, our second took place in November ___, and in July we launched a funding rou … »",2021,2021.0,année,2021,"https://reports.aashe.org/institutions/university-college-cork-national-university-of-ireland-cork-co-corcaigh/report/2026-03-05/AC/curriculum/AC-4/ (texte STARS du crédit AC-4, ligne 1)"
AC4_t0_2,cork,text,AC-4,"année citée dans le texte STARS (AC-4) : « … sals was in, our second took place in November, and in July ___ we launched a funding round in support of t … »",2023,2023.0,année,2023,"https://reports.aashe.org/institutions/university-college-cork-national-university-of-ireland-cork-co-corcaigh/report/2026-03-05/AC/curriculum/AC-4/ (texte STARS du crédit AC-4, ligne 1)"
AC4_t0_3,cork,text,AC-4,année citée dans le texte STARS (AC-4) : « … pport of the University's new Sustainability and Climate Action Plan ( ___ - ). A list of projects funded through these call … »,2023,2023.0,année,2023,"https://reports.aashe.org/institutions/university-college-cork-national-university-of-ireland-cork-co-corcaigh/report/2026-03-05/AC/curriculum/AC-4/ (texte STARS du crédit AC-4, ligne 1)"
AC5_t0_0,cork,text,AC-5,année citée dans le texte STARS (AC-5) : « … From ___ to UCC partnered with several other Universi … »,2023,2023.0,année,2023,"https://reports.aashe.org/institutions/university-college-cork-national-university-of-ireland-cork-co-corcaigh/report/2026-03-05/AC/curriculum/AC-5/ (texte STARS du crédit AC-5, ligne 1)"
AC5_t0_1,cork,text,AC-5,année citée dans le texte STARS (AC-5) : « … From to ___ UCC partnered with several other Universities acr … »,2026,2026.0,année,2026,"https://reports.aashe.org/institutions/university-college-cork-national-university-of-ireland-cork-co-corcaigh/report/2026-03-05/AC/curriculum/AC-5/ (texte STARS du crédit AC-5, ligne 1)"
AC5_t1_0,cork,text,AC-5,"année citée dans le texte STARS (AC-5) : « … ofessors, and heads of sustainability. The survey was administered in ___, with plans to repeat the survey in in order … »",2024,2024.0,année,2024,"https://reports.aashe.org/institutions/university-college-cork-national-university-of-ireland-cork-co-corcaigh/report/2026-03-05/AC/curriculum/AC-5/ (texte STARS du crédit AC-5, ligne 2)"
AC5_t1_1,cork,text,AC-5,"année citée dans le texte STARS (AC-5) : « … e survey was administered in, with plans to repeat the survey in ___ in order to understand changes and trends over ti … »",2026,2026.0,année,2026,"https://reports.aashe.org/institutions/university-college-cork-national-university-of-ireland-cork-co-corcaigh/report/2026-03-05/AC/curriculum/AC-5/ (texte STARS du crédit AC-5, ligne 2)"
AC5_t5_0,cork,text,AC-5,année citée dans le texte STARS (AC-5) : « … uestionnaire took place at the American College of Greece in December ___. The responses to this questionnaire were also us … »,2024,2024.0,année,2024,"https://reports.aashe.org/institutions/university-college-cork-national-university-of-ireland-cork-co-corcaigh/report/2026-03-05/AC/curriculum/AC-5/ (texte STARS du crédit AC-5, ligne 6)"
AC6_t0_0,cork,text,AC-6,année citée dans le texte STARS (AC-6) : « … All UCC research was mapped to the SDGs at the end of ___ and the research office continually updates this … »,2022,2022.0,année,2022,"https://reports.aashe.org/institutions/university-college-cork-national-university-of-ireland-cork-co-corcaigh/report/2026-03-05/AC/research/AC-6/ (texte STARS du crédit AC-6, ligne 1)"
AC6_t0_1,cork,text,AC-6,"année citée dans le texte STARS (AC-6) : « … f and the research office continually updates this inventory. In ___, UCC moved to the IRIS research profile database … »",2025,2025.0,année,2025,"https://reports.aashe.org/institutions/university-college-cork-national-university-of-ireland-cork-co-corcaigh/report/2026-03-05/AC/research/AC-6/ (texte STARS du crédit AC-6, ligne 1)"
AC6_t2_0,cork,text,AC-6,"année citée dans le texte STARS (AC-6) : « … rt the sustainability goals outlined in UCC's Sustainability Strategy ___, the key recommendations outlined in the UCC Clim … »",2016,2016.0,année,2016,"https://reports.aashe.org/institutions/university-college-cork-national-university-of-ireland-cork-co-corcaigh/report/2026-03-05/AC/research/AC-6/ (texte STARS du crédit AC-6, ligne 3)"
AC7_t0_0,cork,text,AC-7,année citée dans le texte STARS (AC-7) : « … onment. The Environmental Research Institute (ERI) was established in ___ by University College Cork as a flagship institut … »,2000,2000.0,année,2000,"https://reports.aashe.org/institutions/university-college-cork-national-university-of-ireland-cork-co-corcaigh/report/2026-03-05/AC/research/AC-7/ (texte STARS du crédit AC-7, ligne 1)"
AC7_t1_0,cork,text,AC-7,"année citée dans le texte STARS (AC-7) : « … In ___, the Environmental Research Institute became the … »",2025,2025.0,année,2025,"https://reports.aashe.org/institutions/university-college-cork-national-university-of-ireland-cork-co-corcaigh/report/2026-03-05/AC/research/AC-7/ (texte STARS du crédit AC-7, ligne 2)"
AC8_t0_0,cork,text,AC-8,année citée dans le texte STARS (AC-8) : « … The University's criteria fro promotion to senior lecturer ( ___ ) can be found at this link: … »,2024,2024.0,année,2024,"https://reports.aashe.org/institutions/university-college-cork-national-university-of-ireland-cork-co-corcaigh/report/2026-03-05/AC/research/AC-8/ (texte STARS du crédit AC-8, ligne 1)"
AC8_t8_0,cork,text,AC-8,année citée dans le texte STARS (AC-8) : « … e National Forum on Research Integrity (NRIF) was established in June ___. It is coordinated by the Irish Universities Asso … »,2015,2015.0,année,2015,"https://reports.aashe.org/institutions/university-college-cork-national-university-of-ireland-cork-co-corcaigh/report/2026-03-05/AC/research/AC-8/ (texte STARS du crédit AC-8, ligne 9)"
AC8_t8_1,cork,text,AC-8,"année citée dans le texte STARS (AC-8) : « … n (IUA) and the Technological Higher Education Association (THEA). In ___, the NRIF was re-structured into element incl … »",2022,2022.0,année,2022,"https://reports.aashe.org/institutions/university-college-cork-national-university-of-ireland-cork-co-corcaigh/report/2026-03-05/AC/research/AC-8/ (texte STARS du crédit AC-8, ligne 9)"
AC8_t10_0,cork,text,AC-8,année citée dans le texte STARS (AC-8) : « … Further and Higher Education on implementation of Ireland's Research ___ strategy. Research Culture is a key element of th … »,2030,2030.0,année,2030,"https://reports.aashe.org/institutions/university-college-cork-national-university-of-ireland-cork-co-corcaigh/report/2026-03-05/AC/research/AC-8/ (texte STARS du crédit AC-8, ligne 11)"
EN2_t1_0,cork,text,EN-2,"année citée dans le texte STARS (EN-2) : « … a welfare officer, campaigns officer and an environmental officer. In ___ it voted to make the environmental officer positi … »",2025,2025.0,année,2025,"https://reports.aashe.org/institutions/university-college-cork-national-university-of-ireland-cork-co-corcaigh/report/2026-03-05/EN/campus-engagement/EN-2/ (texte STARS du crédit EN-2, ligne 2)"
EN2_t3_0,cork,text,EN-2,"année citée dans le texte STARS (EN-2) : « … UCC's Students' Union (UCCSU) launched its Food Pantry in ___, a sustainability initiative designed to reduce f … »",2025,2025.0,année,2025,"https://reports.aashe.org/institutions/university-college-cork-national-university-of-ireland-cork-co-corcaigh/report/2026-03-05/EN/campus-engagement/EN-2/ (texte STARS du crédit EN-2, ligne 4)"
EN2_t7_0,cork,text,EN-2,"pourcentage citée dans le texte STARS (EN-2) : « … r societies in UCC (representing ___ of the entire student population), a large propor … »",52%,52.0,%,52 %,"https://reports.aashe.org/institutions/university-college-cork-national-university-of-ireland-cork-co-corcaigh/report/2026-03-05/EN/campus-engagement/EN-2/ (texte STARS du crédit EN-2, ligne 8)"
EN2_t7_1,cork,text,EN-2,année citée dans le texte STARS (EN-2) : « … s Team during Green Week and Climate Action Week. See for example the ___ Green Week schedule which includes collaborations … »,2026,2026.0,année,2026,"https://reports.aashe.org/institutions/university-college-cork-national-university-of-ireland-cork-co-corcaigh/report/2026-03-05/EN/campus-engagement/EN-2/ (texte STARS du crédit EN-2, ligne 8)"
EN3_t1_0,cork,text,EN-3,"année citée dans le texte STARS (EN-3) : « … In ___, UCC launched the UCC Race equality Network, with … »",2023,2023.0,année,2023,"https://reports.aashe.org/institutions/university-college-cork-national-university-of-ireland-cork-co-corcaigh/report/2026-03-05/EN/campus-engagement/EN-3/ (texte STARS du crédit EN-3, ligne 2)"
EN3_t1_1,cork,text,EN-3,année citée dans le texte STARS (EN-3) : « … annual Equality Week. The foundational work for the Network began in ___ with the establishment of the Race Equality Forum … »,2019,2019.0,année,2019,"https://reports.aashe.org/institutions/university-college-cork-national-university-of-ireland-cork-co-corcaigh/report/2026-03-05/EN/campus-engagement/EN-3/ (texte STARS du crédit EN-3, ligne 2)"
EN3_t2_0,cork,text,EN-3,"année citée dans le texte STARS (EN-3) : « … In ___, UCC's Office of Sustainability and Climate Actio … »",2024,2024.0,année,2024,"https://reports.aashe.org/institutions/university-college-cork-national-university-of-ireland-cork-co-corcaigh/report/2026-03-05/EN/campus-engagement/EN-3/ (texte STARS du crédit EN-3, ligne 3)"
EN3_t3_0,cork,text,EN-3,année citée dans le texte STARS (EN-3) : « … In ___ the course was also delivered to the Executive Ma … »,2025,2025.0,année,2025,"https://reports.aashe.org/institutions/university-college-cork-national-university-of-ireland-cork-co-corcaigh/report/2026-03-05/EN/campus-engagement/EN-3/ (texte STARS du crédit EN-3, ligne 4)"
EN4_t0_0,cork,text,EN-4,année citée dans le texte STARS (EN-4) : « … From ___ to UCC partnered with several other Universi … »,2023,2023.0,année,2023,"https://reports.aashe.org/institutions/university-college-cork-national-university-of-ireland-cork-co-corcaigh/report/2026-03-05/EN/campus-engagement/EN-4/ (texte STARS du crédit EN-4, ligne 1)"
EN4_t0_1,cork,text,EN-4,année citée dans le texte STARS (EN-4) : « … From to ___ UCC partnered with several other Universities acr … »,2026,2026.0,année,2026,"https://reports.aashe.org/institutions/university-college-cork-national-university-of-ireland-cork-co-corcaigh/report/2026-03-05/EN/campus-engagement/EN-4/ (texte STARS du crédit EN-4, ligne 1)"
EN4_t1_0,cork,text,EN-4,"année citée dans le texte STARS (EN-4) : « … ofessors, and heads of sustainability. The survey was administered in ___, with plans to repeat the survey in in order … »",2024,2024.0,année,2024,"https://reports.aashe.org/institutions/university-college-cork-national-university-of-ireland-cork-co-corcaigh/report/2026-03-05/EN/campus-engagement/EN-4/ (texte STARS du crédit EN-4, ligne 2)"
EN4_t1_1,cork,text,EN-4,"année citée dans le texte STARS (EN-4) : « … e survey was administered in, with plans to repeat the survey in ___ in order to understand changes and trends over ti … »",2026,2026.0,année,2026,"https://reports.aashe.org/institutions/university-college-cork-national-university-of-ireland-cork-co-corcaigh/report/2026-03-05/EN/campus-engagement/EN-4/ (texte STARS du crédit EN-4, ligne 2)"
EN5_t1_0,cork,text,EN-5,"année citée dans le texte STARS (EN-5) : « … y initiative, which aims to see the city become net zero emissions by ___. … »",2030,2030.0,année,2030,"https://reports.aashe.org/institutions/university-college-cork-national-university-of-ireland-cork-co-corcaigh/report/2026-03-05/EN/public-engagement/EN-5/ (texte STARS du crédit EN-5, ligne 2)"
EN5_t3_0,cork,text,EN-5,"année citée dans le texte STARS (EN-5) : « … Climate-Neutral and Smart City, seeking to achieve decarbonisation by ___. More information can be found here: … »",2030,2030.0,année,2030,"https://reports.aashe.org/institutions/university-college-cork-national-university-of-ireland-cork-co-corcaigh/report/2026-03-05/EN/public-engagement/EN-5/ (texte STARS du crédit EN-5, ligne 4)"
EN5_t4_0,cork,text,EN-5,"année citée dans le texte STARS (EN-5) : « … In ___, UCC entered into a contract with Ireland's Depar … »",2023,2023.0,année,2023,"https://reports.aashe.org/institutions/university-college-cork-national-university-of-ireland-cork-co-corcaigh/report/2026-03-05/EN/public-engagement/EN-5/ (texte STARS du crédit EN-5, ligne 5)"
EN5_t7_0,cork,text,EN-5,"année citée dans le texte STARS (EN-5) : « … In ___, University College Cork (UCC) became the first I … »",2023,2023.0,année,2023,"https://reports.aashe.org/institutions/university-college-cork-national-university-of-ireland-cork-co-corcaigh/report/2026-03-05/EN/public-engagement/EN-5/ (texte STARS du crédit EN-5, ligne 8)"
EN6_t1_0,cork,text,EN-6,"année citée dans le texte STARS (EN-6) : « … Climate-Neutral and Smart City, seeking to achieve decarbonisation by ___. … »",2030,2030.0,année,2030,"https://reports.aashe.org/institutions/university-college-cork-national-university-of-ireland-cork-co-corcaigh/report/2026-03-05/EN/public-engagement/EN-6/ (texte STARS du crédit EN-6, ligne 2)"
EN6_t5_0,cork,text,EN-6,année citée dans le texte STARS (EN-6) : « … il on it's Mission City programme (where it aims to reach Net Zero by ___ ). An MOU with Cork City Council is reviewed perio … »,2030,2030.0,année,2030,"https://reports.aashe.org/institutions/university-college-cork-national-university-of-ireland-cork-co-corcaigh/report/2026-03-05/EN/public-engagement/EN-6/ (texte STARS du crédit EN-6, ligne 6)"
EN8_t7_0,cork,text,EN-8,année citée dans le texte STARS (EN-8) : « … reta in the world after being accredited internationally by Arbnet in ___. The UCC Arboretum has a collection of approximat … »,2020,2020.0,année,2020,"https://reports.aashe.org/institutions/university-college-cork-national-university-of-ireland-cork-co-corcaigh/report/2026-03-05/EN/public-engagement/EN-8/ (texte STARS du crédit EN-8, ligne 8)"
OP1_t0_0,cork,text,OP-1,année citée dans le texte STARS (OP-1) : « … th water saving devices throughout. The project was completed in July ___. See BREEAM certification document attached below … »,2023,2023.0,année,2023,"https://reports.aashe.org/institutions/university-college-cork-national-university-of-ireland-cork-co-corcaigh/report/2026-03-05/OP/buildings-grounds/OP-1/ (texte STARS du crédit OP-1, ligne 1)"
OP1_t1_0,cork,text,OP-1,année citée dans le texte STARS (OP-1) : « … e new Squad Gym at UCC's Mardyke Arena ( m ) was completed in March ___ and has demonstrated that utilizing digital techn … »,2023,2023.0,année,2023,"https://reports.aashe.org/institutions/university-college-cork-national-university-of-ireland-cork-co-corcaigh/report/2026-03-05/OP/buildings-grounds/OP-1/ (texte STARS du crédit OP-1, ligne 2)"
OP2_t2_0,cork,text,OP-2,année citée dans le texte STARS (OP-2) : « … UCC has been certified to ISO since ___. Annual reviews are carried out to identify the s … »,2011,2011.0,année,2011,"https://reports.aashe.org/institutions/university-college-cork-national-university-of-ireland-cork-co-corcaigh/report/2026-03-05/OP/buildings-grounds/OP-2/ (texte STARS du crédit OP-2, ligne 3)"
OP7_t1_0,cork,text,OP-7,pourcentage citée dans le texte STARS (OP-7) : « … Coffees and Tea account for just over ___ of UCC's total food and beverage purchases. A num … »,16%,16.0,%,16 %,"https://reports.aashe.org/institutions/university-college-cork-national-university-of-ireland-cork-co-corcaigh/report/2026-03-05/OP/food-dining/OP-7/ (texte STARS du crédit OP-7, ligne 2)"
OP7_t2_0,cork,text,OP-7,"pourcentage citée dans le texte STARS (OP-7) : « … ount for the majority of teas and coffees purchased, we estimate that ___ of these purchases are certified, amounting to ap … »",80%,80.0,%,80 %,"https://reports.aashe.org/institutions/university-college-cork-national-university-of-ireland-cork-co-corcaigh/report/2026-03-05/OP/food-dining/OP-7/ (texte STARS du crédit OP-7, ligne 3)"
OP7_t2_1,cork,text,OP-7,"pourcentage citée dans le texte STARS (OP-7) : « … that of these purchases are certified, amounting to approximately ___ of food and beverages purchased. … »",12%,12.0,%,12 %,"https://reports.aashe.org/institutions/university-college-cork-national-university-of-ireland-cork-co-corcaigh/report/2026-03-05/OP/food-dining/OP-7/ (texte STARS du crédit OP-7, ligne 3)"
OP7_t4_0,cork,text,OP-7,année citée dans le texte STARS (OP-7) : « … A one year ( ___ ) sample of all foods purchased by UCC's catering … »,2025,2025.0,année,2025,"https://reports.aashe.org/institutions/university-college-cork-national-university-of-ireland-cork-co-corcaigh/report/2026-03-05/OP/food-dining/OP-7/ (texte STARS du crédit OP-7, ligne 5)"
OP7_t5_0,cork,text,OP-7,année citée dans le texte STARS (OP-7) : « … spend was based on the total spend on food and beverage purchases for ___. … »,2025,2025.0,année,2025,"https://reports.aashe.org/institutions/university-college-cork-national-university-of-ireland-cork-co-corcaigh/report/2026-03-05/OP/food-dining/OP-7/ (texte STARS du crédit OP-7, ligne 6)"
OP7_t6_0,cork,text,OP-7,pourcentage citée dans le texte STARS (OP-7) : « … ___ of all food purchased in UCC comes from Waterfall … »,7%,7.0,%,7 %,"https://reports.aashe.org/institutions/university-college-cork-national-university-of-ireland-cork-co-corcaigh/report/2026-03-05/OP/food-dining/OP-7/ (texte STARS du crédit OP-7, ligne 7)"
OP8_t0_0,cork,text,OP-8,année citée dans le texte STARS (OP-8) : « … Cork. This is done on a ad hoc basis.Cork Penny Dinners serves up to ___ freshly made meals per week. Their aims are simpl … »,2000,2000.0,année,2000,"https://reports.aashe.org/institutions/university-college-cork-national-university-of-ireland-cork-co-corcaigh/report/2026-03-05/OP/food-dining/OP-8/ (texte STARS du crédit OP-8, ligne 1)"
OP8_t3_0,cork,text,OP-8,année citée dans le texte STARS (OP-8) : « … In ___ UCC's contracted food service provider KSG began … »,2023,2023.0,année,2023,"https://reports.aashe.org/institutions/university-college-cork-national-university-of-ireland-cork-co-corcaigh/report/2026-03-05/OP/food-dining/OP-8/ (texte STARS du crédit OP-8, ligne 4)"
OP8_t3_1,cork,text,OP-8,pourcentage citée dans le texte STARS (OP-8) : « … inimum. The first months of this initiative has seen a reduction of ___ in food waste acrossKSG outlets. … »,18%,18.0,%,18 %,"https://reports.aashe.org/institutions/university-college-cork-national-university-of-ireland-cork-co-corcaigh/report/2026-03-05/OP/food-dining/OP-8/ (texte STARS du crédit OP-8, ligne 4)"
OP9_t0_0,cork,text,OP-9,année citée dans le texte STARS (OP-9) : « … Tenders were completed in ___ and of these included sustainability considera … »,2024,2024.0,année,2024,"https://reports.aashe.org/institutions/university-college-cork-national-university-of-ireland-cork-co-corcaigh/report/2026-03-05/OP/procurement-waste/OP-9/ (texte STARS du crédit OP-9, ligne 1)"
OP9_t0_1,cork,text,OP-9,pourcentage citée dans le texte STARS (OP-9) : « … leted in and of these included sustainability considerations. ___ of tenders included supplier sustainability speci … »,21%,21.0,%,21 %,"https://reports.aashe.org/institutions/university-college-cork-national-university-of-ireland-cork-co-corcaigh/report/2026-03-05/OP/procurement-waste/OP-9/ (texte STARS du crédit OP-9, ligne 1)"
OP9_t0_2,cork,text,OP-9,pourcentage citée dans le texte STARS (OP-9) : « … s. of tenders included supplier sustainability specifications and ___ of tenders included product sustainability condsi … »,54%,54.0,%,54 %,"https://reports.aashe.org/institutions/university-college-cork-national-university-of-ireland-cork-co-corcaigh/report/2026-03-05/OP/procurement-waste/OP-9/ (texte STARS du crédit OP-9, ligne 1)"
OP9_t1_0,cork,text,OP-9,pourcentage citée dans le texte STARS (OP-9) : « … ___ would be the average of points assigned to sustai … »,5%,5.0,%,5 %,"https://reports.aashe.org/institutions/university-college-cork-national-university-of-ireland-cork-co-corcaigh/report/2026-03-05/OP/procurement-waste/OP-9/ (texte STARS du crédit OP-9, ligne 2)"
OP9_t1_1,cork,text,OP-9,"année citée dans le texte STARS (OP-9) : « … th a certain activity the amount will be much higher, for example the ___ waste tender assigned of points for sustainab … »",2023,2023.0,année,2023,"https://reports.aashe.org/institutions/university-college-cork-national-university-of-ireland-cork-co-corcaigh/report/2026-03-05/OP/procurement-waste/OP-9/ (texte STARS du crédit OP-9, ligne 2)"
OP9_t1_2,cork,text,OP-9,"pourcentage citée dans le texte STARS (OP-9) : « … mount will be much higher, for example the waste tender assigned ___ of points for sustainability. … »",20%,20.0,%,20 %,"https://reports.aashe.org/institutions/university-college-cork-national-university-of-ireland-cork-co-corcaigh/report/2026-03-05/OP/procurement-waste/OP-9/ (texte STARS du crédit OP-9, ligne 2)"
OP11_t0_0,cork,text,OP-11,année citée dans le texte STARS (OP-11) : « … The UCC Office Furniture Exchange was launched in ___ as a space where insitution owned office furnitur … »,2024,2024.0,année,2024,"https://reports.aashe.org/institutions/university-college-cork-national-university-of-ireland-cork-co-corcaigh/report/2026-03-05/OP/procurement-waste/OP-11/ (texte STARS du crédit OP-11, ligne 1)"
OP11_t3_0,cork,text,OP-11,année citée dans le texte STARS (OP-11) : « … In ___ UCC became the first University in Ireland to com … »,2023,2023.0,année,2023,"https://reports.aashe.org/institutions/university-college-cork-national-university-of-ireland-cork-co-corcaigh/report/2026-03-05/OP/procurement-waste/OP-11/ (texte STARS du crédit OP-11, ligne 4)"
OP13_t0_0,cork,text,OP-13,"pourcentage citée dans le texte STARS (OP-13) : « … of under km. Emissions from this fleet account for less than ___ of UCC's total annual energy-related emissions, w … »",0.1%,0.1,%,"0,1 %","https://reports.aashe.org/institutions/university-college-cork-national-university-of-ireland-cork-co-corcaigh/report/2026-03-05/OP/transportation/OP-13/ (texte STARS du crédit OP-13, ligne 1)"
OP13_t0_1,cork,text,OP-13,"pourcentage citée dans le texte STARS (OP-13) : « … of UCC's total annual energy-related emissions, while a further ___ is attributed to fuel consumed by the Park & Ride … »",0.4%,0.4,%,"0,4 %","https://reports.aashe.org/institutions/university-college-cork-national-university-of-ireland-cork-co-corcaigh/report/2026-03-05/OP/transportation/OP-13/ (texte STARS du crédit OP-13, ligne 1)"
OP14_t0_0,cork,text,OP-14,année citée dans le texte STARS (OP-14) : « … vey on social media accounts. The results presented here are from the ___ annual survey. … »,2024,2024.0,année,2024,"https://reports.aashe.org/institutions/university-college-cork-national-university-of-ireland-cork-co-corcaigh/report/2026-03-05/OP/transportation/OP-14/ (texte STARS du crédit OP-14, ligne 1)"
OP14_t1_0,cork,text,OP-14,année citée dans le texte STARS (OP-14) : « … s via social media accounts. The data presented here are based on the ___ survey. … »,2024,2024.0,année,2024,"https://reports.aashe.org/institutions/university-college-cork-national-university-of-ireland-cork-co-corcaigh/report/2026-03-05/OP/transportation/OP-14/ (texte STARS du crédit OP-14, ligne 2)"
PA1_t2_0,cork,text,PA-1,année citée dans le texte STARS (PA-1) : « … achieve significant targets including becoming a zero waste campus by ___ and a carbon neutral campus by. … »,2030,2030.0,année,2030,"https://reports.aashe.org/institutions/university-college-cork-national-university-of-ireland-cork-co-corcaigh/report/2026-03-05/PA/coordination-planning/PA-1/ (texte STARS du crédit PA-1, ligne 3)"
PA1_t2_1,cork,text,PA-1,année citée dans le texte STARS (PA-1) : « … g becoming a zero waste campus by and a carbon neutral campus by ___. … »,2040,2040.0,année,2040,"https://reports.aashe.org/institutions/university-college-cork-national-university-of-ireland-cork-co-corcaigh/report/2026-03-05/PA/coordination-planning/PA-1/ (texte STARS du crédit PA-1, ligne 3)"
PA2_t0_0,cork,text,PA-2,année citée dans le texte STARS (PA-2) : « … The Sustainability and Climate Action Plan ( ___ - ) builds on the successes of UCC's Sustainabi … »,2023,2023.0,année,2023,"https://reports.aashe.org/institutions/university-college-cork-national-university-of-ireland-cork-co-corcaigh/report/2026-03-05/PA/coordination-planning/PA-2/ (texte STARS du crédit PA-2, ligne 1)"
PA2_t0_1,cork,text,PA-2,année citée dans le texte STARS (PA-2) : « … The Sustainability and Climate Action Plan ( - ___ ) builds on the successes of UCC's Sustainability … »,2028,2028.0,année,2028,"https://reports.aashe.org/institutions/university-college-cork-national-university-of-ireland-cork-co-corcaigh/report/2026-03-05/PA/coordination-planning/PA-2/ (texte STARS du crédit PA-2, ligne 1)"
PA2_t0_2,cork,text,PA-2,année citée dans le texte STARS (PA-2) : « … ( - ) builds on the successes of UCC's Sustainability Strategy ( ___ ) and sets out how UCC will continue to embed sust … »,2016,2016.0,année,2016,"https://reports.aashe.org/institutions/university-college-cork-national-university-of-ireland-cork-co-corcaigh/report/2026-03-05/PA/coordination-planning/PA-2/ (texte STARS du crédit PA-2, ligne 1)"
PA2_t0_3,cork,text,PA-2,année citée dans le texte STARS (PA-2) : « … achieve significant targets including becoming a zero waste campus by ___ and a carbon neutral campus by. … »,2030,2030.0,année,2030,"https://reports.aashe.org/institutions/university-college-cork-national-university-of-ireland-cork-co-corcaigh/report/2026-03-05/PA/coordination-planning/PA-2/ (texte STARS du crédit PA-2, ligne 1)"
PA2_t0_4,cork,text,PA-2,année citée dans le texte STARS (PA-2) : « … g becoming a zero waste campus by and a carbon neutral campus by ___. … »,2040,2040.0,année,2040,"https://reports.aashe.org/institutions/university-college-cork-national-university-of-ireland-cork-co-corcaigh/report/2026-03-05/PA/coordination-planning/PA-2/ (texte STARS du crédit PA-2, ligne 1)"
PA2_t1_0,cork,text,PA-2,pourcentage citée dans le texte STARS (PA-2) : « … uired by the Irish government to reduce our absolute GHG emissions by ___ by. The University must produce annual roadm … »,51%,51.0,%,51 %,"https://reports.aashe.org/institutions/university-college-cork-national-university-of-ireland-cork-co-corcaigh/report/2026-03-05/PA/coordination-planning/PA-2/ (texte STARS du crédit PA-2, ligne 2)"
PA2_t1_1,cork,text,PA-2,année citée dans le texte STARS (PA-2) : « … y the Irish government to reduce our absolute GHG emissions by by ___. The University must produce annual roadmaps outl … »,2030,2030.0,année,2030,"https://reports.aashe.org/institutions/university-college-cork-national-university-of-ireland-cork-co-corcaigh/report/2026-03-05/PA/coordination-planning/PA-2/ (texte STARS du crédit PA-2, ligne 2)"
PA2_t2_0,cork,text,PA-2,"année citée dans le texte STARS (PA-2) : « … Within the University's Sustainability and Climate Action Plan ___ -, UCC has committed to the following objectives … »",2023,2023.0,année,2023,"https://reports.aashe.org/institutions/university-college-cork-national-university-of-ireland-cork-co-corcaigh/report/2026-03-05/PA/coordination-planning/PA-2/ (texte STARS du crédit PA-2, ligne 3)"
PA2_t11_0,cork,text,PA-2,"année citée dans le texte STARS (PA-2) : « … Within the University's Sustainability and Climate Action Plan ___ -, UCC has committed to a number of objectives r … »",2023,2023.0,année,2023,"https://reports.aashe.org/institutions/university-college-cork-national-university-of-ireland-cork-co-corcaigh/report/2026-03-05/PA/coordination-planning/PA-2/ (texte STARS du crédit PA-2, ligne 12)"
PA2_t12_0,cork,text,PA-2,pourcentage citée dans le texte STARS (PA-2) : « … - Exceed government target of reducing scope and GHG emissions by ___ by and achieving net zero total GHG emission … »,51%,51.0,%,51 %,"https://reports.aashe.org/institutions/university-college-cork-national-university-of-ireland-cork-co-corcaigh/report/2026-03-05/PA/coordination-planning/PA-2/ (texte STARS du crédit PA-2, ligne 13)"
PA2_t12_1,cork,text,PA-2,année citée dans le texte STARS (PA-2) : « … d government target of reducing scope and GHG emissions by by ___ and achieving net zero total GHG emissions by … »,2030,2030.0,année,2030,"https://reports.aashe.org/institutions/university-college-cork-national-university-of-ireland-cork-co-corcaigh/report/2026-03-05/PA/coordination-planning/PA-2/ (texte STARS du crédit PA-2, ligne 13)"
PA2_t12_2,cork,text,PA-2,année citée dans le texte STARS (PA-2) : « … missions by by and achieving net zero total GHG emissions by ___. … »,2040,2040.0,année,2040,"https://reports.aashe.org/institutions/university-college-cork-national-university-of-ireland-cork-co-corcaigh/report/2026-03-05/PA/coordination-planning/PA-2/ (texte STARS du crédit PA-2, ligne 13)"
PA2_t17_0,cork,text,PA-2,"année citée dans le texte STARS (PA-2) : « … Within the University's Sustainability and Climate Action Plan ___ -, UCC has committed to align UCC sustainability … »",2023,2023.0,année,2023,"https://reports.aashe.org/institutions/university-college-cork-national-university-of-ireland-cork-co-corcaigh/report/2026-03-05/PA/coordination-planning/PA-2/ (texte STARS du crédit PA-2, ligne 18)"
PA2_t18_0,cork,text,PA-2,"année citée dans le texte STARS (PA-2) : « … Within the University's Sustainability and Climate Action Plan ___ -, UCC has committed to: … »",2023,2023.0,année,2023,"https://reports.aashe.org/institutions/university-college-cork-national-university-of-ireland-cork-co-corcaigh/report/2026-03-05/PA/coordination-planning/PA-2/ (texte STARS du crédit PA-2, ligne 19)"
PA4_t2_0,cork,text,PA-4,"pourcentage citée dans le texte STARS (PA-4) : « … ies with fossil fuel reserves, and those companies deriving more than ___ revenue from fossil fuel activities. Additionally … »",10%,10.0,%,10 %,"https://reports.aashe.org/institutions/university-college-cork-national-university-of-ireland-cork-co-corcaigh/report/2026-03-05/PA/investment/PA-4/ (texte STARS du crédit PA-4, ligne 3)"
PA6_t3_0,cork,text,PA-6,"année citée dans le texte STARS (PA-6) : « … Strategic Plan for Equity of Access, Participation and Success in HE, ___ - ” underpins equal access for underrepresented … »",2022,2022.0,année,2022,"https://reports.aashe.org/institutions/university-college-cork-national-university-of-ireland-cork-co-corcaigh/report/2026-03-05/PA/representation-access/PA-6/ (texte STARS du crédit PA-6, ligne 4)"
PA6_t3_1,cork,text,PA-6,"année citée dans le texte STARS (PA-6) : « … egic Plan for Equity of Access, Participation and Success in HE, - ___ ” underpins equal access for underrepresented stud … »",2028,2028.0,année,2028,"https://reports.aashe.org/institutions/university-college-cork-national-university-of-ireland-cork-co-corcaigh/report/2026-03-05/PA/representation-access/PA-6/ (texte STARS du crédit PA-6, ligne 4)"
PA6_t5_0,cork,text,PA-6,"pourcentage citée dans le texte STARS (PA-6) : « … to first-year and final-year UGs and all PGT students. Response rate: ___,. Since, the EDI Unit has … »",29%,29.0,%,29 %,"https://reports.aashe.org/institutions/university-college-cork-national-university-of-ireland-cork-co-corcaigh/report/2026-03-05/PA/representation-access/PA-6/ (texte STARS du crédit PA-6, ligne 6)"
PA6_t5_1,cork,text,PA-6,"année citée dans le texte STARS (PA-6) : « … rst-year and final-year UGs and all PGT students. Response rate: ( ___ ),. Since, the EDI Unit has issued … »",2022,2022.0,année,2022,"https://reports.aashe.org/institutions/university-college-cork-national-university-of-ireland-cork-co-corcaigh/report/2026-03-05/PA/representation-access/PA-6/ (texte STARS du crédit PA-6, ligne 6)"
PA6_t5_2,cork,text,PA-6,"pourcentage citée dans le texte STARS (PA-6) : « … r and final-year UGs and all PGT students. Response rate:, ___. Since, the EDI Unit has issued bienn … »",25%,25.0,%,25 %,"https://reports.aashe.org/institutions/university-college-cork-national-university-of-ireland-cork-co-corcaigh/report/2026-03-05/PA/representation-access/PA-6/ (texte STARS du crédit PA-6, ligne 6)"
PA6_t5_3,cork,text,PA-6,"année citée dans le texte STARS (PA-6) : « … final-year UGs and all PGT students. Response rate:, ( ___ ). Since, the EDI Unit has issued biennial ED … »",2023,2023.0,année,2023,"https://reports.aashe.org/institutions/university-college-cork-national-university-of-ireland-cork-co-corcaigh/report/2026-03-05/PA/representation-access/PA-6/ (texte STARS du crédit PA-6, ligne 6)"
PA6_t5_4,cork,text,PA-6,"année citée dans le texte STARS (PA-6) : « … Gs and all PGT students. Response rate:,. Since ___, the EDI Unit has issued biennial EDI Student Sur … »",2018,2018.0,année,2018,"https://reports.aashe.org/institutions/university-college-cork-national-university-of-ireland-cork-co-corcaigh/report/2026-03-05/PA/representation-access/PA-6/ (texte STARS du crédit PA-6, ligne 6)"
PA6_t8_0,cork,text,PA-6,année citée dans le texte STARS (PA-6) : « … Figure displays the DIS makeup of the UCC student population in the ___ / academic year (the most recent reporting yea … »,2023,2023.0,année,2023,"https://reports.aashe.org/institutions/university-college-cork-national-university-of-ireland-cork-co-corcaigh/report/2026-03-05/PA/representation-access/PA-6/ (texte STARS du crédit PA-6, ligne 9)"
PA6_t8_1,cork,text,PA-6,année citée dans le texte STARS (PA-6) : « … e displays the DIS makeup of the UCC student population in the / ___ academic year (the most recent reporting year ava … »,2024,2024.0,année,2024,"https://reports.aashe.org/institutions/university-college-cork-national-university-of-ireland-cork-co-corcaigh/report/2026-03-05/PA/representation-access/PA-6/ (texte STARS du crédit PA-6, ligne 9)"
PA6_t9_0,cork,text,PA-6,"pourcentage citée dans le texte STARS (PA-6) : « … ack Irish: African, having the lowest average DIS Score at -, with ___ of students coming from a Disadvantaged area. … »",22%,22.0,%,22 %,"https://reports.aashe.org/institutions/university-college-cork-national-university-of-ireland-cork-co-corcaigh/report/2026-03-05/PA/representation-access/PA-6/ (texte STARS du crédit PA-6, ligne 10)"
PA6_t10_0,cork,text,PA-6,"pourcentage citée dans le texte STARS (PA-6) : « … : Any other Black Background, with an average DIS Score of -, with ___ coming from a Disadvantaged background. … »",18%,18.0,%,18 %,"https://reports.aashe.org/institutions/university-college-cork-national-university-of-ireland-cork-co-corcaigh/report/2026-03-05/PA/representation-access/PA-6/ (texte STARS du crédit PA-6, ligne 11)"
PA6_t11_0,cork,text,PA-6,année citée dans le texte STARS (PA-6) : « … Across the period ___ - to - of the disability categories on … »,2021,2021.0,année,2021,"https://reports.aashe.org/institutions/university-college-cork-national-university-of-ireland-cork-co-corcaigh/report/2026-03-05/PA/representation-access/PA-6/ (texte STARS du crédit PA-6, ligne 12)"
PA6_t11_1,cork,text,PA-6,année citée dans le texte STARS (PA-6) : « … Across the period - ___ to - of the disability categories on the … »,2022,2022.0,année,2022,"https://reports.aashe.org/institutions/university-college-cork-national-university-of-ireland-cork-co-corcaigh/report/2026-03-05/PA/representation-access/PA-6/ (texte STARS du crédit PA-6, ligne 12)"
PA6_t11_2,cork,text,PA-6,année citée dans le texte STARS (PA-6) : « … Across the period - to ___ - of the disability categories on the Access S … »,2023,2023.0,année,2023,"https://reports.aashe.org/institutions/university-college-cork-national-university-of-ireland-cork-co-corcaigh/report/2026-03-05/PA/representation-access/PA-6/ (texte STARS du crédit PA-6, ligne 12)"
PA6_t11_3,cork,text,PA-6,année citée dans le texte STARS (PA-6) : « … Across the period - to - ___ of the disability categories on the Access Survey … »,2024,2024.0,année,2024,"https://reports.aashe.org/institutions/university-college-cork-national-university-of-ireland-cork-co-corcaigh/report/2026-03-05/PA/representation-access/PA-6/ (texte STARS du crédit PA-6, ligne 12)"
PA6_t11_4,cork,text,PA-6,pourcentage citée dans le texte STARS (PA-6) : « … report a learning disability had the highest average DIS Score at ___ of these students were from a Marginally Above Av … »,65%,65.0,%,65 %,"https://reports.aashe.org/institutions/university-college-cork-national-university-of-ireland-cork-co-corcaigh/report/2026-03-05/PA/representation-access/PA-6/ (texte STARS du crédit PA-6, ligne 12)"
PA6_t11_5,cork,text,PA-6,pourcentage citée dans le texte STARS (PA-6) : « … these students were from a Marginally Above Average or Affluent area ( ___ Affluent and Marginally Above Average). This … »,19%,19.0,%,19 %,"https://reports.aashe.org/institutions/university-college-cork-national-university-of-ireland-cork-co-corcaigh/report/2026-03-05/PA/representation-access/PA-6/ (texte STARS du crédit PA-6, ligne 12)"
PA6_t11_6,cork,text,PA-6,pourcentage citée dans le texte STARS (PA-6) : « … re from a Marginally Above Average or Affluent area ( Affluent and ___ Marginally Above Average). This was followed by B … »,46%,46.0,%,46 %,"https://reports.aashe.org/institutions/university-college-cork-national-university-of-ireland-cork-co-corcaigh/report/2026-03-05/PA/representation-access/PA-6/ (texte STARS du crédit PA-6, ligne 12)"
PA6_t12_0,cork,text,PA-6,pourcentage citée dans le texte STARS (PA-6) : « … ported a Physical Disability had the lowest average DIS Score at. ___ of these students were from a Marginally Below Av … »,45%,45.0,%,45 %,"https://reports.aashe.org/institutions/university-college-cork-national-university-of-ireland-cork-co-corcaigh/report/2026-03-05/PA/representation-access/PA-6/ (texte STARS du crédit PA-6, ligne 13)"
PA6_t12_1,cork,text,PA-6,pourcentage citée dans le texte STARS (PA-6) : « … nts were from a Marginally Below Average or Disadvantaged background ( ___ Disadvantaged and Marginally Below Average). … »,14%,14.0,%,14 %,"https://reports.aashe.org/institutions/university-college-cork-national-university-of-ireland-cork-co-corcaigh/report/2026-03-05/PA/representation-access/PA-6/ (texte STARS du crédit PA-6, ligne 13)"
PA6_t12_2,cork,text,PA-6,pourcentage citée dans le texte STARS (PA-6) : « … ally Below Average or Disadvantaged background ( Disadvantaged and ___ Marginally Below Average). This was followed by O … »,31%,31.0,%,31 %,"https://reports.aashe.org/institutions/university-college-cork-national-university-of-ireland-cork-co-corcaigh/report/2026-03-05/PA/representation-access/PA-6/ (texte STARS du crédit PA-6, ligne 13)"
PA6_t14_0,cork,text,PA-6,"année citée dans le texte STARS (PA-6) : « … Figure. UCC's Deprivation Index Score by Home Address of Students, ___ -. Source: HEA … »",2023,2023.0,année,2023,"https://reports.aashe.org/institutions/university-college-cork-national-university-of-ireland-cork-co-corcaigh/report/2026-03-05/PA/representation-access/PA-6/ (texte STARS du crédit PA-6, ligne 15)"
PA6_t14_1,cork,text,PA-6,"année citée dans le texte STARS (PA-6) : « … re. UCC's Deprivation Index Score by Home Address of Students, - ___. Source: HEA … »",2024,2024.0,année,2024,"https://reports.aashe.org/institutions/university-college-cork-national-university-of-ireland-cork-co-corcaigh/report/2026-03-05/PA/representation-access/PA-6/ (texte STARS du crédit PA-6, ligne 15)"
PA6_t15_0,cork,text,PA-6,année citée dans le texte STARS (PA-6) : « … r New UG Entrants by Ethnicity (All HEIs reporting to HEA). Data from ___ - to -. Source: HEA … »,2021,2021.0,année,2021,"https://reports.aashe.org/institutions/university-college-cork-national-university-of-ireland-cork-co-corcaigh/report/2026-03-05/PA/representation-access/PA-6/ (texte STARS du crédit PA-6, ligne 16)"
PA6_t15_1,cork,text,PA-6,année citée dans le texte STARS (PA-6) : « … trants by Ethnicity (All HEIs reporting to HEA). Data from - to ___ -. Source: HEA … »,2023,2023.0,année,2023,"https://reports.aashe.org/institutions/university-college-cork-national-university-of-ireland-cork-co-corcaigh/report/2026-03-05/PA/representation-access/PA-6/ (texte STARS du crédit PA-6, ligne 16)"
PA6_t15_2,cork,text,PA-6,année citée dans le texte STARS (PA-6) : « … s by Ethnicity (All HEIs reporting to HEA). Data from - to - ___. Source: HEA … »,2024,2024.0,année,2024,"https://reports.aashe.org/institutions/university-college-cork-national-university-of-ireland-cork-co-corcaigh/report/2026-03-05/PA/representation-access/PA-6/ (texte STARS du crédit PA-6, ligne 16)"
PA6_t16_0,cork,text,PA-6,année citée dans le texte STARS (PA-6) : « … National Access Plan for Equity of Access to Higher Education (NAP) ( ___ – ) which identifies the target groups that a … »,2015,2015.0,année,2015,"https://reports.aashe.org/institutions/university-college-cork-national-university-of-ireland-cork-co-corcaigh/report/2026-03-05/PA/representation-access/PA-6/ (texte STARS du crédit PA-6, ligne 17)"
PA6_t16_1,cork,text,PA-6,année citée dans le texte STARS (PA-6) : « … al Access Plan for Equity of Access to Higher Education (NAP) ( – ___ ) which identifies the target groups that are curr … »,2021,2021.0,année,2021,"https://reports.aashe.org/institutions/university-college-cork-national-university-of-ireland-cork-co-corcaigh/report/2026-03-05/PA/representation-access/PA-6/ (texte STARS du crédit PA-6, ligne 17)"
PA6_t18_0,cork,text,PA-6,"année citée dans le texte STARS (PA-6) : « … Securing our Future - UCC Strategic Action Plan, ___ -, recognises Student Success as one of the pr … »",2023,2023.0,année,2023,"https://reports.aashe.org/institutions/university-college-cork-national-university-of-ireland-cork-co-corcaigh/report/2026-03-05/PA/representation-access/PA-6/ (texte STARS du crédit PA-6, ligne 19)"
PA6_t18_1,cork,text,PA-6,"année citée dans le texte STARS (PA-6) : « … Securing our Future - UCC Strategic Action Plan, - ___, recognises Student Success as one of the priorit … »",2028,2028.0,année,2028,"https://reports.aashe.org/institutions/university-college-cork-national-university-of-ireland-cork-co-corcaigh/report/2026-03-05/PA/representation-access/PA-6/ (texte STARS du crédit PA-6, ligne 19)"
PA6_t19_0,cork,text,PA-6,année citée dans le texte STARS (PA-6) : « … UCC's Student Charter ( ___ ) and Rules affirm students' right to a safe campu … »,2024,2024.0,année,2024,"https://reports.aashe.org/institutions/university-college-cork-national-university-of-ireland-cork-co-corcaigh/report/2026-03-05/PA/representation-access/PA-6/ (texte STARS du crédit PA-6, ligne 20)"
PA6_t20_0,cork,text,PA-6,"année citée dans le texte STARS (PA-6) : « … at UCC: Equality, Diversity and Inclusion Framework and Action Plan, ___ - - recognises that UCC is increasingly made u … »",2025,2025.0,année,2025,"https://reports.aashe.org/institutions/university-college-cork-national-university-of-ireland-cork-co-corcaigh/report/2026-03-05/PA/representation-access/PA-6/ (texte STARS du crédit PA-6, ligne 21)"
PA6_t20_1,cork,text,PA-6,"année citée dans le texte STARS (PA-6) : « … CC: Equality, Diversity and Inclusion Framework and Action Plan, - ___ - recognises that UCC is increasingly made up of … »",2028,2028.0,année,2028,"https://reports.aashe.org/institutions/university-college-cork-national-university-of-ireland-cork-co-corcaigh/report/2026-03-05/PA/representation-access/PA-6/ (texte STARS du crédit PA-6, ligne 21)"
PA6_t22_0,cork,text,PA-6,"année citée dans le texte STARS (PA-6) : « … Silver Athena Swan Action Plan, ___ - – this strategic gender equality action plan … »",2024,2024.0,année,2024,"https://reports.aashe.org/institutions/university-college-cork-national-university-of-ireland-cork-co-corcaigh/report/2026-03-05/PA/representation-access/PA-6/ (texte STARS du crédit PA-6, ligne 23)"
PA6_t22_1,cork,text,PA-6,"année citée dans le texte STARS (PA-6) : « … Silver Athena Swan Action Plan, - ___ – this strategic gender equality action plan incl … »",2029,2029.0,année,2029,"https://reports.aashe.org/institutions/university-college-cork-national-university-of-ireland-cork-co-corcaigh/report/2026-03-05/PA/representation-access/PA-6/ (texte STARS du crédit PA-6, ligne 23)"
PA6_t23_0,cork,text,PA-6,"année citée dans le texte STARS (PA-6) : « … Race Equality Action Plan, ___ - – follows and builds on the pillars of … »",2026,2026.0,année,2026,"https://reports.aashe.org/institutions/university-college-cork-national-university-of-ireland-cork-co-corcaigh/report/2026-03-05/PA/representation-access/PA-6/ (texte STARS du crédit PA-6, ligne 24)"
PA6_t23_1,cork,text,PA-6,"année citée dans le texte STARS (PA-6) : « … Race Equality Action Plan, - ___ – follows and builds on the pillars of the E … »",2028,2028.0,année,2028,"https://reports.aashe.org/institutions/university-college-cork-national-university-of-ireland-cork-co-corcaigh/report/2026-03-05/PA/representation-access/PA-6/ (texte STARS du crédit PA-6, ligne 24)"
PA6_t24_0,cork,text,PA-6,"année citée dans le texte STARS (PA-6) : « … ollection system - ITS: male, female, non-binary, and undisclosed. In ___, UG students identified as “Non-Binar … »",2023,2023.0,année,2023,"https://reports.aashe.org/institutions/university-college-cork-national-university-of-ireland-cork-co-corcaigh/report/2026-03-05/PA/representation-access/PA-6/ (texte STARS du crédit PA-6, ligne 25)"
PA6_t24_1,cork,text,PA-6,"pourcentage citée dans le texte STARS (PA-6) : « … male, female, non-binary, and undisclosed. In, UG students ( ___ ) identified as “Non-Binary” or “Undisclosed”. In … »",0.01%,0.01,%,"0,01 %","https://reports.aashe.org/institutions/university-college-cork-national-university-of-ireland-cork-co-corcaigh/report/2026-03-05/PA/representation-access/PA-6/ (texte STARS du crédit PA-6, ligne 25)"
PA6_t24_2,cork,text,PA-6,"année citée dans le texte STARS (PA-6) : « … UG students identified as “Non-Binary” or “Undisclosed”. In ___, UCC developed GIEP, which allows students to cha … »",2018,2018.0,année,2018,"https://reports.aashe.org/institutions/university-college-cork-national-university-of-ireland-cork-co-corcaigh/report/2026-03-05/PA/representation-access/PA-6/ (texte STARS du crédit PA-6, ligne 25)"
PA6_t24_3,cork,text,PA-6,"année citée dans le texte STARS (PA-6) : « … s with students' School/Department to ensure local implementation. In ___ /, students changed their records. Sinc … »",2024,2024.0,année,2024,"https://reports.aashe.org/institutions/university-college-cork-national-university-of-ireland-cork-co-corcaigh/report/2026-03-05/PA/representation-access/PA-6/ (texte STARS du crédit PA-6, ligne 25)"
PA6_t24_4,cork,text,PA-6,"année citée dans le texte STARS (PA-6) : « … /, students changed their records. Since the GIEP launch ( ___ ), over students changed their records. … »",2018,2018.0,année,2018,"https://reports.aashe.org/institutions/university-college-cork-national-university-of-ireland-cork-co-corcaigh/report/2026-03-05/PA/representation-access/PA-6/ (texte STARS du crédit PA-6, ligne 25)"
PA6_t25_0,cork,text,PA-6,"année citée dans le texte STARS (PA-6) : « … tudent success and diversity, aligning with the National Access Plan ( ___ - ). All undergraduate programs reserve places … »",2022,2022.0,année,2022,"https://reports.aashe.org/institutions/university-college-cork-national-university-of-ireland-cork-co-corcaigh/report/2026-03-05/PA/representation-access/PA-6/ (texte STARS du crédit PA-6, ligne 26)"
PA6_t25_1,cork,text,PA-6,"année citée dans le texte STARS (PA-6) : « … t success and diversity, aligning with the National Access Plan ( - ___ ). All undergraduate programs reserve places for H … »",2028,2028.0,année,2028,"https://reports.aashe.org/institutions/university-college-cork-national-university-of-ireland-cork-co-corcaigh/report/2026-03-05/PA/representation-access/PA-6/ (texte STARS du crédit PA-6, ligne 26)"
PA6_t25_2,cork,text,PA-6,"pourcentage citée dans le texte STARS (PA-6) : « … tion), Mature Students, and QQI/FET pathway students, contributing to ___ of / admissions through Access Pathways. … »",22%,22.0,%,22 %,"https://reports.aashe.org/institutions/university-college-cork-national-university-of-ireland-cork-co-corcaigh/report/2026-03-05/PA/representation-access/PA-6/ (texte STARS du crédit PA-6, ligne 26)"
PA6_t25_3,cork,text,PA-6,"année citée dans le texte STARS (PA-6) : « … Mature Students, and QQI/FET pathway students, contributing to of ___ / admissions through Access Pathways. … »",2023,2023.0,année,2023,"https://reports.aashe.org/institutions/university-college-cork-national-university-of-ireland-cork-co-corcaigh/report/2026-03-05/PA/representation-access/PA-6/ (texte STARS du crédit PA-6, ligne 26)"
PA6_t26_0,cork,text,PA-6,"année citée dans le texte STARS (PA-6) : « … In ___ -, of students entered UCC via DARE ( … »",2024,2024.0,année,2024,"https://reports.aashe.org/institutions/university-college-cork-national-university-of-ireland-cork-co-corcaigh/report/2026-03-05/PA/representation-access/PA-6/ (texte STARS du crédit PA-6, ligne 27)"
PA6_t26_1,cork,text,PA-6,"année citée dans le texte STARS (PA-6) : « … In - ___, of students entered UCC via DARE ( ave … »",2025,2025.0,année,2025,"https://reports.aashe.org/institutions/university-college-cork-national-university-of-ireland-cork-co-corcaigh/report/2026-03-05/PA/representation-access/PA-6/ (texte STARS du crédit PA-6, ligne 27)"
PA6_t26_2,cork,text,PA-6,"pourcentage citée dans le texte STARS (PA-6) : « … In -, ___ of students entered UCC via DARE ( average fo … »",10.6%,10.6,%,"10,6 %","https://reports.aashe.org/institutions/university-college-cork-national-university-of-ireland-cork-co-corcaigh/report/2026-03-05/PA/representation-access/PA-6/ (texte STARS du crédit PA-6, ligne 27)"
PA6_t26_3,cork,text,PA-6,"pourcentage citée dans le texte STARS (PA-6) : « … In -, of students entered UCC via DARE ( ___ average for Irish Universities Association HEIs); … »",7.2%,7.2,%,"7,2 %","https://reports.aashe.org/institutions/university-college-cork-national-university-of-ireland-cork-co-corcaigh/report/2026-03-05/PA/representation-access/PA-6/ (texte STARS du crédit PA-6, ligne 27)"
PA6_t26_4,cork,text,PA-6,"année citée dans le texte STARS (PA-6) : « … C via DARE ( average for Irish Universities Association HEIs); in ___ -, (vs average for IUA). … »",2023,2023.0,année,2023,"https://reports.aashe.org/institutions/university-college-cork-national-university-of-ireland-cork-co-corcaigh/report/2026-03-05/PA/representation-access/PA-6/ (texte STARS du crédit PA-6, ligne 27)"
PA6_t26_5,cork,text,PA-6,"année citée dans le texte STARS (PA-6) : « … DARE ( average for Irish Universities Association HEIs); in - ___, (vs average for IUA). … »",2024,2024.0,année,2024,"https://reports.aashe.org/institutions/university-college-cork-national-university-of-ireland-cork-co-corcaigh/report/2026-03-05/PA/representation-access/PA-6/ (texte STARS du crédit PA-6, ligne 27)"
PA6_t26_6,cork,text,PA-6,"pourcentage citée dans le texte STARS (PA-6) : « … ( average for Irish Universities Association HEIs); in -, ___ (vs average for IUA). … »",9.1%,9.1,%,"9,1 %","https://reports.aashe.org/institutions/university-college-cork-national-university-of-ireland-cork-co-corcaigh/report/2026-03-05/PA/representation-access/PA-6/ (texte STARS du crédit PA-6, ligne 27)"
PA6_t26_7,cork,text,PA-6,"pourcentage citée dans le texte STARS (PA-6) : « … rage for Irish Universities Association HEIs); in -, (vs ___ average for IUA). … »",7.7%,7.7,%,"7,7 %","https://reports.aashe.org/institutions/university-college-cork-national-university-of-ireland-cork-co-corcaigh/report/2026-03-05/PA/representation-access/PA-6/ (texte STARS du crédit PA-6, ligne 27)"
PA6_t27_0,cork,text,PA-6,"année citée dans le texte STARS (PA-6) : « … Figure. UCC Student Intake by Entry Routes ( ___ -, - ). Source: HEA … »",2023,2023.0,année,2023,"https://reports.aashe.org/institutions/university-college-cork-national-university-of-ireland-cork-co-corcaigh/report/2026-03-05/PA/representation-access/PA-6/ (texte STARS du crédit PA-6, ligne 28)"
PA6_t27_1,cork,text,PA-6,"année citée dans le texte STARS (PA-6) : « … Figure. UCC Student Intake by Entry Routes ( - ___, - ). Source: HEA … »",2024,2024.0,année,2024,"https://reports.aashe.org/institutions/university-college-cork-national-university-of-ireland-cork-co-corcaigh/report/2026-03-05/PA/representation-access/PA-6/ (texte STARS du crédit PA-6, ligne 28)"
PA6_t27_2,cork,text,PA-6,"année citée dans le texte STARS (PA-6) : « … Figure. UCC Student Intake by Entry Routes ( - ___, - ). Source: HEA … »",2024,2024.0,année,2024,"https://reports.aashe.org/institutions/university-college-cork-national-university-of-ireland-cork-co-corcaigh/report/2026-03-05/PA/representation-access/PA-6/ (texte STARS du crédit PA-6, ligne 28)"
PA6_t27_3,cork,text,PA-6,"année citée dans le texte STARS (PA-6) : « … Figure. UCC Student Intake by Entry Routes ( -, - ___ ). Source: HEA … »",2025,2025.0,année,2025,"https://reports.aashe.org/institutions/university-college-cork-national-university-of-ireland-cork-co-corcaigh/report/2026-03-05/PA/representation-access/PA-6/ (texte STARS du crédit PA-6, ligne 28)"
PA6_t28_0,cork,text,PA-6,"année citée dans le texte STARS (PA-6) : « … University of Sanctuary: Awarded in ___, UCC offers Sanctuary Scholarships to asylum seek … »",2018,2018.0,année,2018,"https://reports.aashe.org/institutions/university-college-cork-national-university-of-ireland-cork-co-corcaigh/report/2026-03-05/PA/representation-access/PA-6/ (texte STARS du crédit PA-6, ligne 29)"
PA6_t28_1,cork,text,PA-6,année citée dans le texte STARS (PA-6) : « … ers and bursaries. - UG students have been supported since ___. … »,2018,2018.0,année,2018,"https://reports.aashe.org/institutions/university-college-cork-national-university-of-ireland-cork-co-corcaigh/report/2026-03-05/PA/representation-access/PA-6/ (texte STARS du crédit PA-6, ligne 29)"
PA6_t51_0,cork,text,PA-6,année citée dans le texte STARS (PA-6) : « … In ___ UCC was the first higher education institution in … »,2023,2023.0,année,2023,"https://reports.aashe.org/institutions/university-college-cork-national-university-of-ireland-cork-co-corcaigh/report/2026-03-05/PA/representation-access/PA-6/ (texte STARS du crédit PA-6, ligne 52)"
PA6_t54_0,cork,text,PA-6,pourcentage citée dans le texte STARS (PA-6) : « … and achieve a minimum of points; Applicants must achieve at least ___ of the points required for the course and meet an … »,85%,85.0,%,85 %,"https://reports.aashe.org/institutions/university-college-cork-national-university-of-ireland-cork-co-corcaigh/report/2026-03-05/PA/representation-access/PA-6/ (texte STARS du crédit PA-6, ligne 55)"
PA6_t57_0,cork,text,PA-6,"année citée dans le texte STARS (PA-6) : « … The University College Cork Strategic Plan ___ -, under Goal: Global Engagement, seek … »",2023,2023.0,année,2023,"https://reports.aashe.org/institutions/university-college-cork-national-university-of-ireland-cork-co-corcaigh/report/2026-03-05/PA/representation-access/PA-6/ (texte STARS du crédit PA-6, ligne 58)"
PA6_t57_1,cork,text,PA-6,"année citée dans le texte STARS (PA-6) : « … The University College Cork Strategic Plan - ___, under Goal: Global Engagement, seeks to: P … »",2028,2028.0,année,2028,"https://reports.aashe.org/institutions/university-college-cork-national-university-of-ireland-cork-co-corcaigh/report/2026-03-05/PA/representation-access/PA-6/ (texte STARS du crédit PA-6, ligne 58)"
PA6_t59_0,cork,text,PA-6,année citée dans le texte STARS (PA-6) : « … . University College Cork was designated a University of Sanctuary in ___. … »,2018,2018.0,année,2018,"https://reports.aashe.org/institutions/university-college-cork-national-university-of-ireland-cork-co-corcaigh/report/2026-03-05/PA/representation-access/PA-6/ (texte STARS du crédit PA-6, ligne 60)"
PA6_t60_0,cork,text,PA-6,"année citée dans le texte STARS (PA-6) : « … e been devastated by the effects of war and invasion. For example, in ___, the UCC community came together to stand in soli … »",2022,2022.0,année,2022,"https://reports.aashe.org/institutions/university-college-cork-national-university-of-ireland-cork-co-corcaigh/report/2026-03-05/PA/representation-access/PA-6/ (texte STARS du crédit PA-6, ligne 61)"
PA6_t62_0,cork,text,PA-6,année citée dans le texte STARS (PA-6) : « … The UCC staff Disability Network was launched in ___. The aim of the Staff Disability and Neurodiverge … »,2024,2024.0,année,2024,"https://reports.aashe.org/institutions/university-college-cork-national-university-of-ireland-cork-co-corcaigh/report/2026-03-05/PA/representation-access/PA-6/ (texte STARS du crédit PA-6, ligne 63)"
PA6_t66_0,cork,text,PA-6,année citée dans le texte STARS (PA-6) : « … f carers network is UCC's fifth staff network. Launched on October ___ its aim is to support staff who balance Professio … »,2024,2024.0,année,2024,"https://reports.aashe.org/institutions/university-college-cork-national-university-of-ireland-cork-co-corcaigh/report/2026-03-05/PA/representation-access/PA-6/ (texte STARS du crédit PA-6, ligne 67)"
PA6_t67_0,cork,text,PA-6,année citée dans le texte STARS (PA-6) : « … Both the ___ and Staff Values and Culture survey gave a c … »,2022,2022.0,année,2022,"https://reports.aashe.org/institutions/university-college-cork-national-university-of-ireland-cork-co-corcaigh/report/2026-03-05/PA/representation-access/PA-6/ (texte STARS du crédit PA-6, ligne 68)"
PA6_t67_1,cork,text,PA-6,année citée dans le texte STARS (PA-6) : « … Both the and ___ Staff Values and Culture survey gave a clear indi … »,2024,2024.0,année,2024,"https://reports.aashe.org/institutions/university-college-cork-national-university-of-ireland-cork-co-corcaigh/report/2026-03-05/PA/representation-access/PA-6/ (texte STARS du crédit PA-6, ligne 68)"
PA6_t67_2,cork,text,PA-6,"pourcentage citée dans le texte STARS (PA-6) : « … rveys reported having a caring responsibility, of which approximately ___ had non-parental caring duties such as elder care … »",20%,20.0,%,20 %,"https://reports.aashe.org/institutions/university-college-cork-national-university-of-ireland-cork-co-corcaigh/report/2026-03-05/PA/representation-access/PA-6/ (texte STARS du crédit PA-6, ligne 68)"
PA6_t72_0,cork,text,PA-6,"année citée dans le texte STARS (PA-6) : « … organisational commitment under Goal.ii of the UCC Strategic Plan ___ - to “measure progress, ensure accountability, … »",2023,2023.0,année,2023,"https://reports.aashe.org/institutions/university-college-cork-national-university-of-ireland-cork-co-corcaigh/report/2026-03-05/PA/representation-access/PA-6/ (texte STARS du crédit PA-6, ligne 73)"
PA6_t72_1,cork,text,PA-6,"année citée dans le texte STARS (PA-6) : « … isational commitment under Goal.ii of the UCC Strategic Plan - ___ to “measure progress, ensure accountability, shar … »",2028,2028.0,année,2028,"https://reports.aashe.org/institutions/university-college-cork-national-university-of-ireland-cork-co-corcaigh/report/2026-03-05/PA/representation-access/PA-6/ (texte STARS du crédit PA-6, ligne 73)"
PA6_t73_0,cork,text,PA-6,"année citée dans le texte STARS (PA-6) : « … Commenced in ___, recurring EDI consultations follow a similar met … »",2018,2018.0,année,2018,"https://reports.aashe.org/institutions/university-college-cork-national-university-of-ireland-cork-co-corcaigh/report/2026-03-05/PA/representation-access/PA-6/ (texte STARS du crédit PA-6, ligne 74)"
PA6_t81_0,cork,text,PA-6,année citée dans le texte STARS (PA-6) : « … UG Entrants by Disability Type (All HEIs reporting to HEA). Data from ___ - to -. Source: HEA … »,2021,2021.0,année,2021,"https://reports.aashe.org/institutions/university-college-cork-national-university-of-ireland-cork-co-corcaigh/report/2026-03-05/PA/representation-access/PA-6/ (texte STARS du crédit PA-6, ligne 82)"
PA6_t81_1,cork,text,PA-6,année citée dans le texte STARS (PA-6) : « … by Disability Type (All HEIs reporting to HEA). Data from - to ___ -. Source: HEA … »,2023,2023.0,année,2023,"https://reports.aashe.org/institutions/university-college-cork-national-university-of-ireland-cork-co-corcaigh/report/2026-03-05/PA/representation-access/PA-6/ (texte STARS du crédit PA-6, ligne 82)"
PA6_t81_2,cork,text,PA-6,année citée dans le texte STARS (PA-6) : « … isability Type (All HEIs reporting to HEA). Data from - to - ___. Source: HEA … »,2024,2024.0,année,2024,"https://reports.aashe.org/institutions/university-college-cork-national-university-of-ireland-cork-co-corcaigh/report/2026-03-05/PA/representation-access/PA-6/ (texte STARS du crédit PA-6, ligne 82)"
PA6_t83_0,cork,text,PA-6,année citée dans le texte STARS (PA-6) : « … Ireland – General Population - Census ___ … »,2022,2022.0,année,2022,"https://reports.aashe.org/institutions/university-college-cork-national-university-of-ireland-cork-co-corcaigh/report/2026-03-05/PA/representation-access/PA-6/ (texte STARS du crédit PA-6, ligne 84)"
PA6_t84_0,cork,text,PA-6,"année citée dans le texte STARS (PA-6) : « … and present in the State by ethnic group/background and citizenship, ___. Source: CSO … »",2022,2022.0,année,2022,"https://reports.aashe.org/institutions/university-college-cork-national-university-of-ireland-cork-co-corcaigh/report/2026-03-05/PA/representation-access/PA-6/ (texte STARS du crédit PA-6, ligne 85)"
PA6_t85_0,cork,text,PA-6,"pourcentage citée dans le texte STARS (PA-6) : « … ost common country of citizenship of the Roma population was Ireland ( ___ ), followed by Romania, Italy and Pola … »",28%,28.0,%,28 %,"https://reports.aashe.org/institutions/university-college-cork-national-university-of-ireland-cork-co-corcaigh/report/2026-03-05/PA/representation-access/PA-6/ (texte STARS du crédit PA-6, ligne 86)"
PA6_t85_1,cork,text,PA-6,"pourcentage citée dans le texte STARS (PA-6) : « … enship of the Roma population was Ireland, followed by Romania ( ___ ), Italy and Poland. … »",22%,22.0,%,22 %,"https://reports.aashe.org/institutions/university-college-cork-national-university-of-ireland-cork-co-corcaigh/report/2026-03-05/PA/representation-access/PA-6/ (texte STARS du crédit PA-6, ligne 86)"
PA6_t85_2,cork,text,PA-6,"pourcentage citée dans le texte STARS (PA-6) : « … Roma population was Ireland, followed by Romania, Italy ( ___ ) and Poland. … »",10%,10.0,%,10 %,"https://reports.aashe.org/institutions/university-college-cork-national-university-of-ireland-cork-co-corcaigh/report/2026-03-05/PA/representation-access/PA-6/ (texte STARS du crédit PA-6, ligne 86)"
PA6_t85_3,cork,text,PA-6,"pourcentage citée dans le texte STARS (PA-6) : « … was Ireland, followed by Romania, Italy and Poland ( ___ ). … »",9%,9.0,%,9 %,"https://reports.aashe.org/institutions/university-college-cork-national-university-of-ireland-cork-co-corcaigh/report/2026-03-05/PA/representation-access/PA-6/ (texte STARS du crédit PA-6, ligne 86)"
PA6_t86_0,cork,text,PA-6,"pourcentage citée dans le texte STARS (PA-6) : « … of people who identified as Any other White background were Ireland ( ___ ), Poland and UK. … »",24%,24.0,%,24 %,"https://reports.aashe.org/institutions/university-college-cork-national-university-of-ireland-cork-co-corcaigh/report/2026-03-05/PA/representation-access/PA-6/ (texte STARS du crédit PA-6, ligne 87)"
PA6_t86_1,cork,text,PA-6,"pourcentage citée dans le texte STARS (PA-6) : « … identified as Any other White background were Ireland, Poland ( ___ ) and UK. … »",16%,16.0,%,16 %,"https://reports.aashe.org/institutions/university-college-cork-national-university-of-ireland-cork-co-corcaigh/report/2026-03-05/PA/representation-access/PA-6/ (texte STARS du crédit PA-6, ligne 87)"
PA6_t86_2,cork,text,PA-6,"pourcentage citée dans le texte STARS (PA-6) : « … s Any other White background were Ireland, Poland and UK ( ___ ). … »",13%,13.0,%,13 %,"https://reports.aashe.org/institutions/university-college-cork-national-university-of-ireland-cork-co-corcaigh/report/2026-03-05/PA/representation-access/PA-6/ (texte STARS du crédit PA-6, ligne 87)"
PA6_t87_0,cork,text,PA-6,"pourcentage citée dans le texte STARS (PA-6) : « … ified as Black or Black Irish – African and had Irish citizenship was ___, with a further recording citizenship in Afri … »",65%,65.0,%,65 %,"https://reports.aashe.org/institutions/university-college-cork-national-university-of-ireland-cork-co-corcaigh/report/2026-03-05/PA/representation-access/PA-6/ (texte STARS du crédit PA-6, ligne 88)"
PA6_t87_1,cork,text,PA-6,"pourcentage citée dans le texte STARS (PA-6) : « … ack Irish – African and had Irish citizenship was, with a further ___ recording citizenship in African countries. … »",27%,27.0,%,27 %,"https://reports.aashe.org/institutions/university-college-cork-national-university-of-ireland-cork-co-corcaigh/report/2026-03-05/PA/representation-access/PA-6/ (texte STARS du crédit PA-6, ligne 88)"
PA6_t88_0,cork,text,PA-6,"pourcentage citée dans le texte STARS (PA-6) : « … n the Black or Black Irish – Any other Black background ethnic group, ___ were Irish citizens, and a further were Brazi … »",37%,37.0,%,37 %,"https://reports.aashe.org/institutions/university-college-cork-national-university-of-ireland-cork-co-corcaigh/report/2026-03-05/PA/representation-access/PA-6/ (texte STARS du crédit PA-6, ligne 89)"
PA6_t88_1,cork,text,PA-6,"pourcentage citée dans le texte STARS (PA-6) : « … Black background ethnic group, were Irish citizens, and a further ___ were Brazilian citizens. … »",28%,28.0,%,28 %,"https://reports.aashe.org/institutions/university-college-cork-national-university-of-ireland-cork-co-corcaigh/report/2026-03-05/PA/representation-access/PA-6/ (texte STARS du crédit PA-6, ligne 89)"
PA6_t89_0,cork,text,PA-6,pourcentage citée dans le texte STARS (PA-6) : « … with the Chinese ethnic group/background who were Irish citizens was ___. … »,40%,40.0,%,40 %,"https://reports.aashe.org/institutions/university-college-cork-national-university-of-ireland-cork-co-corcaigh/report/2026-03-05/PA/representation-access/PA-6/ (texte STARS du crédit PA-6, ligne 90)"
PA6_t90_0,cork,text,PA-6,pourcentage citée dans le texte STARS (PA-6) : « … A further ___ were citizens of countries in the Other Asia cate … »,54%,54.0,%,54 %,"https://reports.aashe.org/institutions/university-college-cork-national-university-of-ireland-cork-co-corcaigh/report/2026-03-05/PA/representation-access/PA-6/ (texte STARS du crédit PA-6, ligne 91)"
PA6_t91_0,cork,text,PA-6,"pourcentage citée dans le texte STARS (PA-6) : « … ries of citizenship for people in the Arab ethnic group were Ireland ( ___ ), Other Asia and Africa.” … »",43%,43.0,%,43 %,"https://reports.aashe.org/institutions/university-college-cork-national-university-of-ireland-cork-co-corcaigh/report/2026-03-05/PA/representation-access/PA-6/ (texte STARS du crédit PA-6, ligne 92)"
PA6_t91_1,cork,text,PA-6,"pourcentage citée dans le texte STARS (PA-6) : « … p for people in the Arab ethnic group were Ireland, Other Asia ( ___ ) and Africa.” … »",29%,29.0,%,29 %,"https://reports.aashe.org/institutions/university-college-cork-national-university-of-ireland-cork-co-corcaigh/report/2026-03-05/PA/representation-access/PA-6/ (texte STARS du crédit PA-6, ligne 92)"
PA6_t91_2,cork,text,PA-6,"pourcentage citée dans le texte STARS (PA-6) : « … he Arab ethnic group were Ireland, Other Asia and Africa ( ___ ).” … »",19%,19.0,%,19 %,"https://reports.aashe.org/institutions/university-college-cork-national-university-of-ireland-cork-co-corcaigh/report/2026-03-05/PA/representation-access/PA-6/ (texte STARS du crédit PA-6, ligne 92)"
PA6_t92_0,cork,text,PA-6,"année citée dans le texte STARS (PA-6) : « … S reporting to the HEA, as recorded from the Equal Access Survey from ___ - to -. Source: HEA … »",2021,2021.0,année,2021,"https://reports.aashe.org/institutions/university-college-cork-national-university-of-ireland-cork-co-corcaigh/report/2026-03-05/PA/representation-access/PA-6/ (texte STARS du crédit PA-6, ligne 93)"
PA6_t92_1,cork,text,PA-6,"année citée dans le texte STARS (PA-6) : « … orting to the HEA, as recorded from the Equal Access Survey from - ___ to -. Source: HEA … »",2022,2022.0,année,2022,"https://reports.aashe.org/institutions/university-college-cork-national-university-of-ireland-cork-co-corcaigh/report/2026-03-05/PA/representation-access/PA-6/ (texte STARS du crédit PA-6, ligne 93)"
PA6_t92_2,cork,text,PA-6,"année citée dans le texte STARS (PA-6) : « … o the HEA, as recorded from the Equal Access Survey from - to ___ -. Source: HEA … »",2024,2024.0,année,2024,"https://reports.aashe.org/institutions/university-college-cork-national-university-of-ireland-cork-co-corcaigh/report/2026-03-05/PA/representation-access/PA-6/ (texte STARS du crédit PA-6, ligne 93)"
PA6_t92_3,cork,text,PA-6,"année citée dans le texte STARS (PA-6) : « … HEA, as recorded from the Equal Access Survey from - to - ___. Source: HEA … »",2025,2025.0,année,2025,"https://reports.aashe.org/institutions/university-college-cork-national-university-of-ireland-cork-co-corcaigh/report/2026-03-05/PA/representation-access/PA-6/ (texte STARS du crédit PA-6, ligne 93)"
PA6_t93_0,cork,text,PA-6,année citée dans le texte STARS (PA-6) : « … Academic Year ___ - had the most diverse enrolment on record. Th … »,2024,2024.0,année,2024,"https://reports.aashe.org/institutions/university-college-cork-national-university-of-ireland-cork-co-corcaigh/report/2026-03-05/PA/representation-access/PA-6/ (texte STARS du crédit PA-6, ligne 94)"
PA6_t93_1,cork,text,PA-6,année citée dans le texte STARS (PA-6) : « … Academic Year - ___ had the most diverse enrolment on record. The per … »,2025,2025.0,année,2025,"https://reports.aashe.org/institutions/university-college-cork-national-university-of-ireland-cork-co-corcaigh/report/2026-03-05/PA/representation-access/PA-6/ (texte STARS du crédit PA-6, ligne 94)"
PA6_t93_2,cork,text,PA-6,"pourcentage citée dans le texte STARS (PA-6) : « … . The percentage of White Irish enrolments continued to decline, from ___ in - to in -. Amongst Irela … »",93.0%,93.0,%,"93,0 %","https://reports.aashe.org/institutions/university-college-cork-national-university-of-ireland-cork-co-corcaigh/report/2026-03-05/PA/representation-access/PA-6/ (texte STARS du crédit PA-6, ligne 94)"
PA6_t93_3,cork,text,PA-6,"année citée dans le texte STARS (PA-6) : « … centage of White Irish enrolments continued to decline, from in ___ - to in -. Amongst Ireland-domic … »",2007,2007.0,année,2007,"https://reports.aashe.org/institutions/university-college-cork-national-university-of-ireland-cork-co-corcaigh/report/2026-03-05/PA/representation-access/PA-6/ (texte STARS du crédit PA-6, ligne 94)"
PA6_t93_4,cork,text,PA-6,"année citée dans le texte STARS (PA-6) : « … ge of White Irish enrolments continued to decline, from in - ___ to in -. Amongst Ireland-domiciled … »",2008,2008.0,année,2008,"https://reports.aashe.org/institutions/university-college-cork-national-university-of-ireland-cork-co-corcaigh/report/2026-03-05/PA/representation-access/PA-6/ (texte STARS du crédit PA-6, ligne 94)"
PA6_t93_5,cork,text,PA-6,"pourcentage citée dans le texte STARS (PA-6) : « … ite Irish enrolments continued to decline, from in - to ___ in -. Amongst Ireland-domiciled enrolment … »",72.8%,72.8,%,"72,8 %","https://reports.aashe.org/institutions/university-college-cork-national-university-of-ireland-cork-co-corcaigh/report/2026-03-05/PA/representation-access/PA-6/ (texte STARS du crédit PA-6, ligne 94)"
PA6_t93_6,cork,text,PA-6,"année citée dans le texte STARS (PA-6) : « … enrolments continued to decline, from in - to in ___ -. Amongst Ireland-domiciled enrolments, the p … »",2024,2024.0,année,2024,"https://reports.aashe.org/institutions/university-college-cork-national-university-of-ireland-cork-co-corcaigh/report/2026-03-05/PA/representation-access/PA-6/ (texte STARS du crédit PA-6, ligne 94)"
PA6_t93_7,cork,text,PA-6,"année citée dans le texte STARS (PA-6) : « … lments continued to decline, from in - to in - ___. Amongst Ireland-domiciled enrolments, the percen … »",2025,2025.0,année,2025,"https://reports.aashe.org/institutions/university-college-cork-national-university-of-ireland-cork-co-corcaigh/report/2026-03-05/PA/representation-access/PA-6/ (texte STARS du crédit PA-6, ligne 94)"
PA6_t93_8,cork,text,PA-6,"pourcentage citée dans le texte STARS (PA-6) : « … domiciled enrolments, the percentage of White Irish also declined, to ___ in -. These declines reflect increases in … »",78.4%,78.4,%,"78,4 %","https://reports.aashe.org/institutions/university-college-cork-national-university-of-ireland-cork-co-corcaigh/report/2026-03-05/PA/representation-access/PA-6/ (texte STARS du crédit PA-6, ligne 94)"
PA6_t93_9,cork,text,PA-6,"année citée dans le texte STARS (PA-6) : « … enrolments, the percentage of White Irish also declined, to in ___ -. These declines reflect increases in diversi … »",2024,2024.0,année,2024,"https://reports.aashe.org/institutions/university-college-cork-national-university-of-ireland-cork-co-corcaigh/report/2026-03-05/PA/representation-access/PA-6/ (texte STARS du crédit PA-6, ligne 94)"
PA6_t93_10,cork,text,PA-6,"année citée dans le texte STARS (PA-6) : « … lments, the percentage of White Irish also declined, to in - ___. These declines reflect increases in diversity in … »",2025,2025.0,année,2025,"https://reports.aashe.org/institutions/university-college-cork-national-university-of-ireland-cork-co-corcaigh/report/2026-03-05/PA/representation-access/PA-6/ (texte STARS du crédit PA-6, ligne 94)"
PA6_t94_0,cork,text,PA-6,pourcentage citée dans le texte STARS (PA-6) : « … While ___ of entrants in - were of ‘Other White' ba … »,12%,12.0,%,12 %,"https://reports.aashe.org/institutions/university-college-cork-national-university-of-ireland-cork-co-corcaigh/report/2026-03-05/PA/representation-access/PA-6/ (texte STARS du crédit PA-6, ligne 95)"
PA6_t94_1,cork,text,PA-6,"année citée dans le texte STARS (PA-6) : « … While of entrants in ___ - were of ‘Other White' backgrounds, only … »",2024,2024.0,année,2024,"https://reports.aashe.org/institutions/university-college-cork-national-university-of-ireland-cork-co-corcaigh/report/2026-03-05/PA/representation-access/PA-6/ (texte STARS du crédit PA-6, ligne 95)"
PA6_t94_2,cork,text,PA-6,"année citée dans le texte STARS (PA-6) : « … While of entrants in - ___ were of ‘Other White' backgrounds, only were … »",2025,2025.0,année,2025,"https://reports.aashe.org/institutions/university-college-cork-national-university-of-ireland-cork-co-corcaigh/report/2026-03-05/PA/representation-access/PA-6/ (texte STARS du crédit PA-6, ligne 95)"
PA6_t94_3,cork,text,PA-6,"pourcentage citée dans le texte STARS (PA-6) : « … of entrants in - were of ‘Other White' backgrounds, only ___ were of Irish Traveller, were of Roma, … »",0.2%,0.2,%,"0,2 %","https://reports.aashe.org/institutions/university-college-cork-national-university-of-ireland-cork-co-corcaigh/report/2026-03-05/PA/representation-access/PA-6/ (texte STARS du crédit PA-6, ligne 95)"
PA6_t94_4,cork,text,PA-6,"pourcentage citée dans le texte STARS (PA-6) : « … were of ‘Other White' backgrounds, only were of Irish Traveller, ___ were of Roma, of Arabic, were of Asian … »",0.3%,0.3,%,"0,3 %","https://reports.aashe.org/institutions/university-college-cork-national-university-of-ireland-cork-co-corcaigh/report/2026-03-05/PA/representation-access/PA-6/ (texte STARS du crédit PA-6, ligne 95)"
PA6_t94_5,cork,text,PA-6,"pourcentage citée dans le texte STARS (PA-6) : « … e' backgrounds, only were of Irish Traveller, were of Roma, ___ of Arabic, were of Asian or Asian Irish: Chi … »",1.5%,1.5,%,"1,5 %","https://reports.aashe.org/institutions/university-college-cork-national-university-of-ireland-cork-co-corcaigh/report/2026-03-05/PA/representation-access/PA-6/ (texte STARS du crédit PA-6, ligne 95)"
PA6_t94_6,cork,text,PA-6,"pourcentage citée dans le texte STARS (PA-6) : « … only were of Irish Traveller, were of Roma, ___ of Arabic, were of Asian or Asian Irish: Chinese, and o … »",1.5%,1.5,%,"1,5 %","https://reports.aashe.org/institutions/university-college-cork-national-university-of-ireland-cork-co-corcaigh/report/2026-03-05/PA/representation-access/PA-6/ (texte STARS du crédit PA-6, ligne 95)"
PA6_t94_7,cork,text,PA-6,"pourcentage citée dans le texte STARS (PA-6) : « … Roma, of Arabic, were of Asian or Asian Irish: Chinese, and ___ of Black or Black Irish: African backgrounds. … »",4.2%,4.2,%,"4,2 %","https://reports.aashe.org/institutions/university-college-cork-national-university-of-ireland-cork-co-corcaigh/report/2026-03-05/PA/representation-access/PA-6/ (texte STARS du crédit PA-6, ligne 95)"
PA6_t96_0,cork,text,PA-6,"année citée dans le texte STARS (PA-6) : « … thnicity Trends in UCC, as recorded from the Equal Access Survey from ___ - to -. Source: HEA … »",2021,2021.0,année,2021,"https://reports.aashe.org/institutions/university-college-cork-national-university-of-ireland-cork-co-corcaigh/report/2026-03-05/PA/representation-access/PA-6/ (texte STARS du crédit PA-6, ligne 97)"
PA6_t96_1,cork,text,PA-6,"année citée dans le texte STARS (PA-6) : « … ity Trends in UCC, as recorded from the Equal Access Survey from - ___ to -. Source: HEA … »",2022,2022.0,année,2022,"https://reports.aashe.org/institutions/university-college-cork-national-university-of-ireland-cork-co-corcaigh/report/2026-03-05/PA/representation-access/PA-6/ (texte STARS du crédit PA-6, ligne 97)"
PA6_t96_2,cork,text,PA-6,"année citée dans le texte STARS (PA-6) : « … ds in UCC, as recorded from the Equal Access Survey from - to ___ -. Source: HEA … »",2024,2024.0,année,2024,"https://reports.aashe.org/institutions/university-college-cork-national-university-of-ireland-cork-co-corcaigh/report/2026-03-05/PA/representation-access/PA-6/ (texte STARS du crédit PA-6, ligne 97)"
PA6_t96_3,cork,text,PA-6,"année citée dans le texte STARS (PA-6) : « … UCC, as recorded from the Equal Access Survey from - to - ___. Source: HEA … »",2025,2025.0,année,2025,"https://reports.aashe.org/institutions/university-college-cork-national-university-of-ireland-cork-co-corcaigh/report/2026-03-05/PA/representation-access/PA-6/ (texte STARS du crédit PA-6, ligne 97)"
PA6_t97_0,cork,text,PA-6,"année citée dans le texte STARS (PA-6) : « … In UCC, ___ - entrants were also the most diverse, in line … »",2024,2024.0,année,2024,"https://reports.aashe.org/institutions/university-college-cork-national-university-of-ireland-cork-co-corcaigh/report/2026-03-05/PA/representation-access/PA-6/ (texte STARS du crédit PA-6, ligne 98)"
PA6_t97_1,cork,text,PA-6,"année citée dans le texte STARS (PA-6) : « … In UCC, - ___ entrants were also the most diverse, in line with … »",2025,2025.0,année,2025,"https://reports.aashe.org/institutions/university-college-cork-national-university-of-ireland-cork-co-corcaigh/report/2026-03-05/PA/representation-access/PA-6/ (texte STARS du crédit PA-6, ligne 98)"
PA6_t97_2,cork,text,PA-6,"pourcentage citée dans le texte STARS (PA-6) : « … ntrants were also the most diverse, in line with the national trends. ___ were Irish and of ‘Other White' backgrounds. … »",79.6%,79.6,%,"79,6 %","https://reports.aashe.org/institutions/university-college-cork-national-university-of-ireland-cork-co-corcaigh/report/2026-03-05/PA/representation-access/PA-6/ (texte STARS du crédit PA-6, ligne 98)"
PA6_t97_3,cork,text,PA-6,"pourcentage citée dans le texte STARS (PA-6) : « … most diverse, in line with the national trends. were Irish and ___ of ‘Other White' backgrounds. Most of the other e … »",9.3%,9.3,%,"9,3 %","https://reports.aashe.org/institutions/university-college-cork-national-university-of-ireland-cork-co-corcaigh/report/2026-03-05/PA/representation-access/PA-6/ (texte STARS du crédit PA-6, ligne 98)"
PA6_t97_4,cork,text,PA-6,"pourcentage citée dans le texte STARS (PA-6) : « … ic minorities were recorded as coming of Asian or Asian backgrounds – ___ (e.g. Chinese, Indian/Pakistani/Bangladeshi, and … »",5.3%,5.3,%,"5,3 %","https://reports.aashe.org/institutions/university-college-cork-national-university-of-ireland-cork-co-corcaigh/report/2026-03-05/PA/representation-access/PA-6/ (texte STARS du crédit PA-6, ligne 98)"
PA6_t97_5,cork,text,PA-6,"pourcentage citée dans le texte STARS (PA-6) : « … akistani/Bangladeshi, and Other Asian), and of Black or Black Irish – ___. Other ethnic minorities were too small to be reg … »",2.8%,2.8,%,"2,8 %","https://reports.aashe.org/institutions/university-college-cork-national-university-of-ireland-cork-co-corcaigh/report/2026-03-05/PA/representation-access/PA-6/ (texte STARS du crédit PA-6, ligne 98)"
PA6_t98_0,cork,text,PA-6,"année citée dans le texte STARS (PA-6) : « … Note: Staff ethnicity data began being collected in January ___ via the central data collection system, the Emplo … »",2026,2026.0,année,2026,"https://reports.aashe.org/institutions/university-college-cork-national-university-of-ireland-cork-co-corcaigh/report/2026-03-05/PA/representation-access/PA-6/ (texte STARS du crédit PA-6, ligne 99)"
PA6_t98_1,cork,text,PA-6,"année citée dans le texte STARS (PA-6) : « … statistics below are based on an all-staff survey conducted in March ___, with a response rate (N= ). … »",2024,2024.0,année,2024,"https://reports.aashe.org/institutions/university-college-cork-national-university-of-ireland-cork-co-corcaigh/report/2026-03-05/PA/representation-access/PA-6/ (texte STARS du crédit PA-6, ligne 99)"
PA6_t98_2,cork,text,PA-6,"pourcentage citée dans le texte STARS (PA-6) : « … elow are based on an all-staff survey conducted in March, with a ___ response rate (N= ). … »",46%,46.0,%,46 %,"https://reports.aashe.org/institutions/university-college-cork-national-university-of-ireland-cork-co-corcaigh/report/2026-03-05/PA/representation-access/PA-6/ (texte STARS du crédit PA-6, ligne 99)"
PA6_t100_0,cork,text,PA-6,année citée dans le texte STARS (PA-6) : « … UCC Academic Staff by Ethnicity (N= ) as per results from the ___ ‘Values and Culture' EDI Staff Survey: … »,2024,2024.0,année,2024,"https://reports.aashe.org/institutions/university-college-cork-national-university-of-ireland-cork-co-corcaigh/report/2026-03-05/PA/representation-access/PA-6/ (texte STARS du crédit PA-6, ligne 101)"
PA6_t101_0,cork,text,PA-6,"pourcentage citée dans le texte STARS (PA-6) : « … ___ Asian or Asian Irish backgrounds (e.g., Chinese a … »",2%,2.0,%,2 %,"https://reports.aashe.org/institutions/university-college-cork-national-university-of-ireland-cork-co-corcaigh/report/2026-03-05/PA/representation-access/PA-6/ (texte STARS du crédit PA-6, ligne 102)"
PA6_t102_0,cork,text,PA-6,pourcentage citée dans le texte STARS (PA-6) : « … Other ethnic backgrounds and answer options constituted less than ___. … »,1%,1.0,%,1 %,"https://reports.aashe.org/institutions/university-college-cork-national-university-of-ireland-cork-co-corcaigh/report/2026-03-05/PA/representation-access/PA-6/ (texte STARS du crédit PA-6, ligne 103)"
PA6_t104_0,cork,text,PA-6,"année citée dans le texte STARS (PA-6) : « … Research Staff combined, N= ) by Ethnicity as per results from the ___ ‘Values and Culture' EDI Staff Survey: … »",2024,2024.0,année,2024,"https://reports.aashe.org/institutions/university-college-cork-national-university-of-ireland-cork-co-corcaigh/report/2026-03-05/PA/representation-access/PA-6/ (texte STARS du crédit PA-6, ligne 105)"
PA6_t105_0,cork,text,PA-6,"pourcentage citée dans le texte STARS (PA-6) : « … ___ Asian or Asian Irish backgrounds (e.g., Chinese a … »",3%,3.0,%,3 %,"https://reports.aashe.org/institutions/university-college-cork-national-university-of-ireland-cork-co-corcaigh/report/2026-03-05/PA/representation-access/PA-6/ (texte STARS du crédit PA-6, ligne 106)"
PA6_t106_0,cork,text,PA-6,pourcentage citée dans le texte STARS (PA-6) : « … Other ethnic backgrounds and answer options constituted ___ or less. … »,1%,1.0,%,1 %,"https://reports.aashe.org/institutions/university-college-cork-national-university-of-ireland-cork-co-corcaigh/report/2026-03-05/PA/representation-access/PA-6/ (texte STARS du crédit PA-6, ligne 107)"
PA6_t112_0,cork,text,PA-6,année citée dans le texte STARS (PA-6) : « … d by staff category. The data compares the snapshots from December ___ versus December. … »,2024,2024.0,année,2024,"https://reports.aashe.org/institutions/university-college-cork-national-university-of-ireland-cork-co-corcaigh/report/2026-03-05/PA/representation-access/PA-6/ (texte STARS du crédit PA-6, ligne 113)"
PA6_t112_1,cork,text,PA-6,année citée dans le texte STARS (PA-6) : « … data compares the snapshots from December versus December ___. … »,2025,2025.0,année,2025,"https://reports.aashe.org/institutions/university-college-cork-national-university-of-ireland-cork-co-corcaigh/report/2026-03-05/PA/representation-access/PA-6/ (texte STARS du crédit PA-6, ligne 113)"
PA6_t113_0,cork,text,PA-6,"année citée dans le texte STARS (PA-6) : « … . Decision-making bodies of UCC and Staff by Categories and Gender, ___ versus. … »",2024,2024.0,année,2024,"https://reports.aashe.org/institutions/university-college-cork-national-university-of-ireland-cork-co-corcaigh/report/2026-03-05/PA/representation-access/PA-6/ (texte STARS du crédit PA-6, ligne 114)"
PA6_t113_1,cork,text,PA-6,"année citée dans le texte STARS (PA-6) : « … -making bodies of UCC and Staff by Categories and Gender, versus ___. … »",2025,2025.0,année,2025,"https://reports.aashe.org/institutions/university-college-cork-national-university-of-ireland-cork-co-corcaigh/report/2026-03-05/PA/representation-access/PA-6/ (texte STARS du crédit PA-6, ligne 114)"
PA7_t1_0,cork,text,PA-7,année citée dans le texte STARS (PA-7) : « … Ireland – General Population - Census ___ … »,2022,2022.0,année,2022,"https://reports.aashe.org/institutions/university-college-cork-national-university-of-ireland-cork-co-corcaigh/report/2026-03-05/PA/representation-access/PA-7/ (texte STARS du crédit PA-7, ligne 2)"
PA7_t2_0,cork,text,PA-7,"année citée dans le texte STARS (PA-7) : « … and present in the State by ethnic group/background and citizenship, ___. Source: CSO … »",2022,2022.0,année,2022,"https://reports.aashe.org/institutions/university-college-cork-national-university-of-ireland-cork-co-corcaigh/report/2026-03-05/PA/representation-access/PA-7/ (texte STARS du crédit PA-7, ligne 3)"
PA7_t3_0,cork,text,PA-7,"pourcentage citée dans le texte STARS (PA-7) : « … ost common country of citizenship of the Roma population was Ireland ( ___ ), followed by Romania, Italy and Pola … »",28%,28.0,%,28 %,"https://reports.aashe.org/institutions/university-college-cork-national-university-of-ireland-cork-co-corcaigh/report/2026-03-05/PA/representation-access/PA-7/ (texte STARS du crédit PA-7, ligne 4)"
PA7_t3_1,cork,text,PA-7,"pourcentage citée dans le texte STARS (PA-7) : « … enship of the Roma population was Ireland, followed by Romania ( ___ ), Italy and Poland. … »",22%,22.0,%,22 %,"https://reports.aashe.org/institutions/university-college-cork-national-university-of-ireland-cork-co-corcaigh/report/2026-03-05/PA/representation-access/PA-7/ (texte STARS du crédit PA-7, ligne 4)"
PA7_t3_2,cork,text,PA-7,"pourcentage citée dans le texte STARS (PA-7) : « … Roma population was Ireland, followed by Romania, Italy ( ___ ) and Poland. … »",10%,10.0,%,10 %,"https://reports.aashe.org/institutions/university-college-cork-national-university-of-ireland-cork-co-corcaigh/report/2026-03-05/PA/representation-access/PA-7/ (texte STARS du crédit PA-7, ligne 4)"
PA7_t3_3,cork,text,PA-7,"pourcentage citée dans le texte STARS (PA-7) : « … was Ireland, followed by Romania, Italy and Poland ( ___ ). … »",9%,9.0,%,9 %,"https://reports.aashe.org/institutions/university-college-cork-national-university-of-ireland-cork-co-corcaigh/report/2026-03-05/PA/representation-access/PA-7/ (texte STARS du crédit PA-7, ligne 4)"
PA7_t4_0,cork,text,PA-7,"pourcentage citée dans le texte STARS (PA-7) : « … of people who identified as Any other White background were Ireland ( ___ ), Poland and UK. … »",24%,24.0,%,24 %,"https://reports.aashe.org/institutions/university-college-cork-national-university-of-ireland-cork-co-corcaigh/report/2026-03-05/PA/representation-access/PA-7/ (texte STARS du crédit PA-7, ligne 5)"
PA7_t4_1,cork,text,PA-7,"pourcentage citée dans le texte STARS (PA-7) : « … identified as Any other White background were Ireland, Poland ( ___ ) and UK. … »",16%,16.0,%,16 %,"https://reports.aashe.org/institutions/university-college-cork-national-university-of-ireland-cork-co-corcaigh/report/2026-03-05/PA/representation-access/PA-7/ (texte STARS du crédit PA-7, ligne 5)"
PA7_t4_2,cork,text,PA-7,"pourcentage citée dans le texte STARS (PA-7) : « … s Any other White background were Ireland, Poland and UK ( ___ ). … »",13%,13.0,%,13 %,"https://reports.aashe.org/institutions/university-college-cork-national-university-of-ireland-cork-co-corcaigh/report/2026-03-05/PA/representation-access/PA-7/ (texte STARS du crédit PA-7, ligne 5)"
PA7_t5_0,cork,text,PA-7,"pourcentage citée dans le texte STARS (PA-7) : « … ified as Black or Black Irish – African and had Irish citizenship was ___, with a further recording citizenship in Afri … »",65%,65.0,%,65 %,"https://reports.aashe.org/institutions/university-college-cork-national-university-of-ireland-cork-co-corcaigh/report/2026-03-05/PA/representation-access/PA-7/ (texte STARS du crédit PA-7, ligne 6)"
PA7_t5_1,cork,text,PA-7,"pourcentage citée dans le texte STARS (PA-7) : « … ack Irish – African and had Irish citizenship was, with a further ___ recording citizenship in African countries. … »",27%,27.0,%,27 %,"https://reports.aashe.org/institutions/university-college-cork-national-university-of-ireland-cork-co-corcaigh/report/2026-03-05/PA/representation-access/PA-7/ (texte STARS du crédit PA-7, ligne 6)"
PA7_t6_0,cork,text,PA-7,"pourcentage citée dans le texte STARS (PA-7) : « … n the Black or Black Irish – Any other Black background ethnic group, ___ were Irish citizens, and a further were Brazi … »",37%,37.0,%,37 %,"https://reports.aashe.org/institutions/university-college-cork-national-university-of-ireland-cork-co-corcaigh/report/2026-03-05/PA/representation-access/PA-7/ (texte STARS du crédit PA-7, ligne 7)"
PA7_t6_1,cork,text,PA-7,"pourcentage citée dans le texte STARS (PA-7) : « … Black background ethnic group, were Irish citizens, and a further ___ were Brazilian citizens. … »",28%,28.0,%,28 %,"https://reports.aashe.org/institutions/university-college-cork-national-university-of-ireland-cork-co-corcaigh/report/2026-03-05/PA/representation-access/PA-7/ (texte STARS du crédit PA-7, ligne 7)"
PA7_t7_0,cork,text,PA-7,pourcentage citée dans le texte STARS (PA-7) : « … with the Chinese ethnic group/background who were Irish citizens was ___. … »,40%,40.0,%,40 %,"https://reports.aashe.org/institutions/university-college-cork-national-university-of-ireland-cork-co-corcaigh/report/2026-03-05/PA/representation-access/PA-7/ (texte STARS du crédit PA-7, ligne 8)"
PA7_t8_0,cork,text,PA-7,pourcentage citée dans le texte STARS (PA-7) : « … A further ___ were citizens of countries in the Other Asia cate … »,54%,54.0,%,54 %,"https://reports.aashe.org/institutions/university-college-cork-national-university-of-ireland-cork-co-corcaigh/report/2026-03-05/PA/representation-access/PA-7/ (texte STARS du crédit PA-7, ligne 9)"
PA7_t9_0,cork,text,PA-7,"pourcentage citée dans le texte STARS (PA-7) : « … ries of citizenship for people in the Arab ethnic group were Ireland ( ___ ), Other Asia and Africa.” … »",43%,43.0,%,43 %,"https://reports.aashe.org/institutions/university-college-cork-national-university-of-ireland-cork-co-corcaigh/report/2026-03-05/PA/representation-access/PA-7/ (texte STARS du crédit PA-7, ligne 10)"
PA7_t9_1,cork,text,PA-7,"pourcentage citée dans le texte STARS (PA-7) : « … p for people in the Arab ethnic group were Ireland, Other Asia ( ___ ) and Africa.” … »",29%,29.0,%,29 %,"https://reports.aashe.org/institutions/university-college-cork-national-university-of-ireland-cork-co-corcaigh/report/2026-03-05/PA/representation-access/PA-7/ (texte STARS du crédit PA-7, ligne 10)"
PA7_t9_2,cork,text,PA-7,"pourcentage citée dans le texte STARS (PA-7) : « … he Arab ethnic group were Ireland, Other Asia and Africa ( ___ ).” … »",19%,19.0,%,19 %,"https://reports.aashe.org/institutions/university-college-cork-national-university-of-ireland-cork-co-corcaigh/report/2026-03-05/PA/representation-access/PA-7/ (texte STARS du crédit PA-7, ligne 10)"
PA7_t10_0,cork,text,PA-7,"année citée dans le texte STARS (PA-7) : « … S reporting to the HEA, as recorded from the Equal Access Survey from ___ - to -. Source: HEA … »",2021,2021.0,année,2021,"https://reports.aashe.org/institutions/university-college-cork-national-university-of-ireland-cork-co-corcaigh/report/2026-03-05/PA/representation-access/PA-7/ (texte STARS du crédit PA-7, ligne 11)"
PA7_t10_1,cork,text,PA-7,"année citée dans le texte STARS (PA-7) : « … orting to the HEA, as recorded from the Equal Access Survey from - ___ to -. Source: HEA … »",2022,2022.0,année,2022,"https://reports.aashe.org/institutions/university-college-cork-national-university-of-ireland-cork-co-corcaigh/report/2026-03-05/PA/representation-access/PA-7/ (texte STARS du crédit PA-7, ligne 11)"
PA7_t10_2,cork,text,PA-7,"année citée dans le texte STARS (PA-7) : « … o the HEA, as recorded from the Equal Access Survey from - to ___ -. Source: HEA … »",2024,2024.0,année,2024,"https://reports.aashe.org/institutions/university-college-cork-national-university-of-ireland-cork-co-corcaigh/report/2026-03-05/PA/representation-access/PA-7/ (texte STARS du crédit PA-7, ligne 11)"
PA7_t10_3,cork,text,PA-7,"année citée dans le texte STARS (PA-7) : « … HEA, as recorded from the Equal Access Survey from - to - ___. Source: HEA … »",2025,2025.0,année,2025,"https://reports.aashe.org/institutions/university-college-cork-national-university-of-ireland-cork-co-corcaigh/report/2026-03-05/PA/representation-access/PA-7/ (texte STARS du crédit PA-7, ligne 11)"
PA7_t11_0,cork,text,PA-7,année citée dans le texte STARS (PA-7) : « … Academic Year ___ - had the most diverse enrolment on record. Th … »,2024,2024.0,année,2024,"https://reports.aashe.org/institutions/university-college-cork-national-university-of-ireland-cork-co-corcaigh/report/2026-03-05/PA/representation-access/PA-7/ (texte STARS du crédit PA-7, ligne 12)"
PA7_t11_1,cork,text,PA-7,année citée dans le texte STARS (PA-7) : « … Academic Year - ___ had the most diverse enrolment on record. The per … »,2025,2025.0,année,2025,"https://reports.aashe.org/institutions/university-college-cork-national-university-of-ireland-cork-co-corcaigh/report/2026-03-05/PA/representation-access/PA-7/ (texte STARS du crédit PA-7, ligne 12)"
PA7_t11_2,cork,text,PA-7,"pourcentage citée dans le texte STARS (PA-7) : « … . The percentage of White Irish enrolments continued to decline, from ___ in - to in -. Amongst Irela … »",93.0%,93.0,%,"93,0 %","https://reports.aashe.org/institutions/university-college-cork-national-university-of-ireland-cork-co-corcaigh/report/2026-03-05/PA/representation-access/PA-7/ (texte STARS du crédit PA-7, ligne 12)"
PA7_t11_3,cork,text,PA-7,"année citée dans le texte STARS (PA-7) : « … centage of White Irish enrolments continued to decline, from in ___ - to in -. Amongst Ireland-domic … »",2007,2007.0,année,2007,"https://reports.aashe.org/institutions/university-college-cork-national-university-of-ireland-cork-co-corcaigh/report/2026-03-05/PA/representation-access/PA-7/ (texte STARS du crédit PA-7, ligne 12)"
PA7_t11_4,cork,text,PA-7,"année citée dans le texte STARS (PA-7) : « … ge of White Irish enrolments continued to decline, from in - ___ to in -. Amongst Ireland-domiciled … »",2008,2008.0,année,2008,"https://reports.aashe.org/institutions/university-college-cork-national-university-of-ireland-cork-co-corcaigh/report/2026-03-05/PA/representation-access/PA-7/ (texte STARS du crédit PA-7, ligne 12)"
PA7_t11_5,cork,text,PA-7,"pourcentage citée dans le texte STARS (PA-7) : « … ite Irish enrolments continued to decline, from in - to ___ in -. Amongst Ireland-domiciled enrolment … »",72.8%,72.8,%,"72,8 %","https://reports.aashe.org/institutions/university-college-cork-national-university-of-ireland-cork-co-corcaigh/report/2026-03-05/PA/representation-access/PA-7/ (texte STARS du crédit PA-7, ligne 12)"
PA7_t11_6,cork,text,PA-7,"année citée dans le texte STARS (PA-7) : « … enrolments continued to decline, from in - to in ___ -. Amongst Ireland-domiciled enrolments, the p … »",2024,2024.0,année,2024,"https://reports.aashe.org/institutions/university-college-cork-national-university-of-ireland-cork-co-corcaigh/report/2026-03-05/PA/representation-access/PA-7/ (texte STARS du crédit PA-7, ligne 12)"
PA7_t11_7,cork,text,PA-7,"année citée dans le texte STARS (PA-7) : « … lments continued to decline, from in - to in - ___. Amongst Ireland-domiciled enrolments, the percen … »",2025,2025.0,année,2025,"https://reports.aashe.org/institutions/university-college-cork-national-university-of-ireland-cork-co-corcaigh/report/2026-03-05/PA/representation-access/PA-7/ (texte STARS du crédit PA-7, ligne 12)"
PA7_t11_8,cork,text,PA-7,"pourcentage citée dans le texte STARS (PA-7) : « … domiciled enrolments, the percentage of White Irish also declined, to ___ in -. These declines reflect increases in … »",78.4%,78.4,%,"78,4 %","https://reports.aashe.org/institutions/university-college-cork-national-university-of-ireland-cork-co-corcaigh/report/2026-03-05/PA/representation-access/PA-7/ (texte STARS du crédit PA-7, ligne 12)"
PA7_t11_9,cork,text,PA-7,"année citée dans le texte STARS (PA-7) : « … enrolments, the percentage of White Irish also declined, to in ___ -. These declines reflect increases in diversi … »",2024,2024.0,année,2024,"https://reports.aashe.org/institutions/university-college-cork-national-university-of-ireland-cork-co-corcaigh/report/2026-03-05/PA/representation-access/PA-7/ (texte STARS du crédit PA-7, ligne 12)"
PA7_t11_10,cork,text,PA-7,"année citée dans le texte STARS (PA-7) : « … lments, the percentage of White Irish also declined, to in - ___. These declines reflect increases in diversity in … »",2025,2025.0,année,2025,"https://reports.aashe.org/institutions/university-college-cork-national-university-of-ireland-cork-co-corcaigh/report/2026-03-05/PA/representation-access/PA-7/ (texte STARS du crédit PA-7, ligne 12)"
PA7_t12_0,cork,text,PA-7,pourcentage citée dans le texte STARS (PA-7) : « … While ___ of entrants in - were of ‘Other White' ba … »,12%,12.0,%,12 %,"https://reports.aashe.org/institutions/university-college-cork-national-university-of-ireland-cork-co-corcaigh/report/2026-03-05/PA/representation-access/PA-7/ (texte STARS du crédit PA-7, ligne 13)"
PA7_t12_1,cork,text,PA-7,"année citée dans le texte STARS (PA-7) : « … While of entrants in ___ - were of ‘Other White' backgrounds, only … »",2024,2024.0,année,2024,"https://reports.aashe.org/institutions/university-college-cork-national-university-of-ireland-cork-co-corcaigh/report/2026-03-05/PA/representation-access/PA-7/ (texte STARS du crédit PA-7, ligne 13)"
PA7_t12_2,cork,text,PA-7,"année citée dans le texte STARS (PA-7) : « … While of entrants in - ___ were of ‘Other White' backgrounds, only were … »",2025,2025.0,année,2025,"https://reports.aashe.org/institutions/university-college-cork-national-university-of-ireland-cork-co-corcaigh/report/2026-03-05/PA/representation-access/PA-7/ (texte STARS du crédit PA-7, ligne 13)"
PA7_t12_3,cork,text,PA-7,"pourcentage citée dans le texte STARS (PA-7) : « … of entrants in - were of ‘Other White' backgrounds, only ___ were of Irish Traveller, were of Roma, … »",0.2%,0.2,%,"0,2 %","https://reports.aashe.org/institutions/university-college-cork-national-university-of-ireland-cork-co-corcaigh/report/2026-03-05/PA/representation-access/PA-7/ (texte STARS du crédit PA-7, ligne 13)"
PA7_t12_4,cork,text,PA-7,"pourcentage citée dans le texte STARS (PA-7) : « … were of ‘Other White' backgrounds, only were of Irish Traveller, ___ were of Roma, of Arabic, were of Asian … »",0.3%,0.3,%,"0,3 %","https://reports.aashe.org/institutions/university-college-cork-national-university-of-ireland-cork-co-corcaigh/report/2026-03-05/PA/representation-access/PA-7/ (texte STARS du crédit PA-7, ligne 13)"
PA7_t12_5,cork,text,PA-7,"pourcentage citée dans le texte STARS (PA-7) : « … e' backgrounds, only were of Irish Traveller, were of Roma, ___ of Arabic, were of Asian or Asian Irish: Chi … »",1.5%,1.5,%,"1,5 %","https://reports.aashe.org/institutions/university-college-cork-national-university-of-ireland-cork-co-corcaigh/report/2026-03-05/PA/representation-access/PA-7/ (texte STARS du crédit PA-7, ligne 13)"
PA7_t12_6,cork,text,PA-7,"pourcentage citée dans le texte STARS (PA-7) : « … only were of Irish Traveller, were of Roma, ___ of Arabic, were of Asian or Asian Irish: Chinese, and o … »",1.5%,1.5,%,"1,5 %","https://reports.aashe.org/institutions/university-college-cork-national-university-of-ireland-cork-co-corcaigh/report/2026-03-05/PA/representation-access/PA-7/ (texte STARS du crédit PA-7, ligne 13)"
PA7_t12_7,cork,text,PA-7,"pourcentage citée dans le texte STARS (PA-7) : « … Roma, of Arabic, were of Asian or Asian Irish: Chinese, and ___ of Black or Black Irish: African backgrounds. … »",4.2%,4.2,%,"4,2 %","https://reports.aashe.org/institutions/university-college-cork-national-university-of-ireland-cork-co-corcaigh/report/2026-03-05/PA/representation-access/PA-7/ (texte STARS du crédit PA-7, ligne 13)"
PA7_t14_0,cork,text,PA-7,"année citée dans le texte STARS (PA-7) : « … thnicity Trends in UCC, as recorded from the Equal Access Survey from ___ - to -. Source: HEA … »",2021,2021.0,année,2021,"https://reports.aashe.org/institutions/university-college-cork-national-university-of-ireland-cork-co-corcaigh/report/2026-03-05/PA/representation-access/PA-7/ (texte STARS du crédit PA-7, ligne 15)"
PA7_t14_1,cork,text,PA-7,"année citée dans le texte STARS (PA-7) : « … ity Trends in UCC, as recorded from the Equal Access Survey from - ___ to -. Source: HEA … »",2022,2022.0,année,2022,"https://reports.aashe.org/institutions/university-college-cork-national-university-of-ireland-cork-co-corcaigh/report/2026-03-05/PA/representation-access/PA-7/ (texte STARS du crédit PA-7, ligne 15)"
PA7_t14_2,cork,text,PA-7,"année citée dans le texte STARS (PA-7) : « … ds in UCC, as recorded from the Equal Access Survey from - to ___ -. Source: HEA … »",2024,2024.0,année,2024,"https://reports.aashe.org/institutions/university-college-cork-national-university-of-ireland-cork-co-corcaigh/report/2026-03-05/PA/representation-access/PA-7/ (texte STARS du crédit PA-7, ligne 15)"
PA7_t14_3,cork,text,PA-7,"année citée dans le texte STARS (PA-7) : « … UCC, as recorded from the Equal Access Survey from - to - ___. Source: HEA … »",2025,2025.0,année,2025,"https://reports.aashe.org/institutions/university-college-cork-national-university-of-ireland-cork-co-corcaigh/report/2026-03-05/PA/representation-access/PA-7/ (texte STARS du crédit PA-7, ligne 15)"
PA7_t15_0,cork,text,PA-7,"année citée dans le texte STARS (PA-7) : « … In UCC, ___ - entrants were also the most diverse, in line … »",2024,2024.0,année,2024,"https://reports.aashe.org/institutions/university-college-cork-national-university-of-ireland-cork-co-corcaigh/report/2026-03-05/PA/representation-access/PA-7/ (texte STARS du crédit PA-7, ligne 16)"
PA7_t15_1,cork,text,PA-7,"année citée dans le texte STARS (PA-7) : « … In UCC, - ___ entrants were also the most diverse, in line with … »",2025,2025.0,année,2025,"https://reports.aashe.org/institutions/university-college-cork-national-university-of-ireland-cork-co-corcaigh/report/2026-03-05/PA/representation-access/PA-7/ (texte STARS du crédit PA-7, ligne 16)"
PA7_t15_2,cork,text,PA-7,"pourcentage citée dans le texte STARS (PA-7) : « … ntrants were also the most diverse, in line with the national trends. ___ were Irish and of ‘Other White' backgrounds. … »",79.6%,79.6,%,"79,6 %","https://reports.aashe.org/institutions/university-college-cork-national-university-of-ireland-cork-co-corcaigh/report/2026-03-05/PA/representation-access/PA-7/ (texte STARS du crédit PA-7, ligne 16)"
PA7_t15_3,cork,text,PA-7,"pourcentage citée dans le texte STARS (PA-7) : « … most diverse, in line with the national trends. were Irish and ___ of ‘Other White' backgrounds. Most of the other e … »",9.3%,9.3,%,"9,3 %","https://reports.aashe.org/institutions/university-college-cork-national-university-of-ireland-cork-co-corcaigh/report/2026-03-05/PA/representation-access/PA-7/ (texte STARS du crédit PA-7, ligne 16)"
PA7_t15_4,cork,text,PA-7,"pourcentage citée dans le texte STARS (PA-7) : « … ic minorities were recorded as coming of Asian or Asian backgrounds – ___ (e.g. Chinese, Indian/Pakistani/Bangladeshi, and … »",5.3%,5.3,%,"5,3 %","https://reports.aashe.org/institutions/university-college-cork-national-university-of-ireland-cork-co-corcaigh/report/2026-03-05/PA/representation-access/PA-7/ (texte STARS du crédit PA-7, ligne 16)"
PA7_t15_5,cork,text,PA-7,"pourcentage citée dans le texte STARS (PA-7) : « … akistani/Bangladeshi, and Other Asian), and of Black or Black Irish – ___. Other ethnic minorities were too small to be reg … »",2.8%,2.8,%,"2,8 %","https://reports.aashe.org/institutions/university-college-cork-national-university-of-ireland-cork-co-corcaigh/report/2026-03-05/PA/representation-access/PA-7/ (texte STARS du crédit PA-7, ligne 16)"
PA7_t16_0,cork,text,PA-7,"année citée dans le texte STARS (PA-7) : « … Note: Staff ethnicity data began being collected in January ___ via the central data collection system, the Emplo … »",2026,2026.0,année,2026,"https://reports.aashe.org/institutions/university-college-cork-national-university-of-ireland-cork-co-corcaigh/report/2026-03-05/PA/representation-access/PA-7/ (texte STARS du crédit PA-7, ligne 17)"
PA7_t16_1,cork,text,PA-7,"année citée dans le texte STARS (PA-7) : « … statistics below are based on an all-staff survey conducted in March ___, with a response rate (N= ). … »",2024,2024.0,année,2024,"https://reports.aashe.org/institutions/university-college-cork-national-university-of-ireland-cork-co-corcaigh/report/2026-03-05/PA/representation-access/PA-7/ (texte STARS du crédit PA-7, ligne 17)"
PA7_t16_2,cork,text,PA-7,"pourcentage citée dans le texte STARS (PA-7) : « … elow are based on an all-staff survey conducted in March, with a ___ response rate (N= ). … »",46%,46.0,%,46 %,"https://reports.aashe.org/institutions/university-college-cork-national-university-of-ireland-cork-co-corcaigh/report/2026-03-05/PA/representation-access/PA-7/ (texte STARS du crédit PA-7, ligne 17)"
PA7_t18_0,cork,text,PA-7,année citée dans le texte STARS (PA-7) : « … UCC Academic Staff by Ethnicity (N= ) as per results from the ___ ‘Values and Culture' EDI Staff Survey: … »,2024,2024.0,année,2024,"https://reports.aashe.org/institutions/university-college-cork-national-university-of-ireland-cork-co-corcaigh/report/2026-03-05/PA/representation-access/PA-7/ (texte STARS du crédit PA-7, ligne 19)"
PA7_t19_0,cork,text,PA-7,"pourcentage citée dans le texte STARS (PA-7) : « … ___ Asian or Asian Irish backgrounds (e.g., Chinese a … »",2%,2.0,%,2 %,"https://reports.aashe.org/institutions/university-college-cork-national-university-of-ireland-cork-co-corcaigh/report/2026-03-05/PA/representation-access/PA-7/ (texte STARS du crédit PA-7, ligne 20)"
PA7_t20_0,cork,text,PA-7,pourcentage citée dans le texte STARS (PA-7) : « … Other ethnic backgrounds and answer options constituted less than ___. … »,1%,1.0,%,1 %,"https://reports.aashe.org/institutions/university-college-cork-national-university-of-ireland-cork-co-corcaigh/report/2026-03-05/PA/representation-access/PA-7/ (texte STARS du crédit PA-7, ligne 21)"
PA7_t22_0,cork,text,PA-7,"année citée dans le texte STARS (PA-7) : « … Research Staff combined, N= ) by Ethnicity as per results from the ___ ‘Values and Culture' EDI Staff Survey: … »",2024,2024.0,année,2024,"https://reports.aashe.org/institutions/university-college-cork-national-university-of-ireland-cork-co-corcaigh/report/2026-03-05/PA/representation-access/PA-7/ (texte STARS du crédit PA-7, ligne 23)"
PA7_t23_0,cork,text,PA-7,"pourcentage citée dans le texte STARS (PA-7) : « … ___ Asian or Asian Irish backgrounds (e.g., Chinese a … »",3%,3.0,%,3 %,"https://reports.aashe.org/institutions/university-college-cork-national-university-of-ireland-cork-co-corcaigh/report/2026-03-05/PA/representation-access/PA-7/ (texte STARS du crédit PA-7, ligne 24)"
PA7_t24_0,cork,text,PA-7,pourcentage citée dans le texte STARS (PA-7) : « … Other ethnic backgrounds and answer options constituted ___ or less. … »,1%,1.0,%,1 %,"https://reports.aashe.org/institutions/university-college-cork-national-university-of-ireland-cork-co-corcaigh/report/2026-03-05/PA/representation-access/PA-7/ (texte STARS du crédit PA-7, ligne 25)"
PA8_t0_0,cork,text,PA-8,année citée dans le texte STARS (PA-8) : « … d by staff category. The data compares the snapshots from December ___ versus December. … »,2024,2024.0,année,2024,"https://reports.aashe.org/institutions/university-college-cork-national-university-of-ireland-cork-co-corcaigh/report/2026-03-05/PA/representation-access/PA-8/ (texte STARS du crédit PA-8, ligne 1)"
PA8_t0_1,cork,text,PA-8,année citée dans le texte STARS (PA-8) : « … data compares the snapshots from December versus December ___. … »,2025,2025.0,année,2025,"https://reports.aashe.org/institutions/university-college-cork-national-university-of-ireland-cork-co-corcaigh/report/2026-03-05/PA/representation-access/PA-8/ (texte STARS du crédit PA-8, ligne 1)"
PA8_t2_0,cork,text,PA-8,"année citée dans le texte STARS (PA-8) : « … . Decision-making bodies of UCC and Staff by Categories and Gender, ___ versus. … »",2024,2024.0,année,2024,"https://reports.aashe.org/institutions/university-college-cork-national-university-of-ireland-cork-co-corcaigh/report/2026-03-05/PA/representation-access/PA-8/ (texte STARS du crédit PA-8, ligne 3)"
PA8_t2_1,cork,text,PA-8,"année citée dans le texte STARS (PA-8) : « … -making bodies of UCC and Staff by Categories and Gender, versus ___. … »",2025,2025.0,année,2025,"https://reports.aashe.org/institutions/university-college-cork-national-university-of-ireland-cork-co-corcaigh/report/2026-03-05/PA/representation-access/PA-8/ (texte STARS du crédit PA-8, ligne 3)"
PA9_t2_0,cork,text,PA-9,"année citée dans le texte STARS (PA-9) : « … Strategic Plan for Equity of Access, Participation and Success in HE, ___ - ” underpins equal access for underrepresented … »",2022,2022.0,année,2022,"https://reports.aashe.org/institutions/university-college-cork-national-university-of-ireland-cork-co-corcaigh/report/2026-03-05/PA/representation-access/PA-9/ (texte STARS du crédit PA-9, ligne 3)"
PA9_t2_1,cork,text,PA-9,"année citée dans le texte STARS (PA-9) : « … egic Plan for Equity of Access, Participation and Success in HE, - ___ ” underpins equal access for underrepresented stud … »",2028,2028.0,année,2028,"https://reports.aashe.org/institutions/university-college-cork-national-university-of-ireland-cork-co-corcaigh/report/2026-03-05/PA/representation-access/PA-9/ (texte STARS du crédit PA-9, ligne 3)"
PA9_t4_0,cork,text,PA-9,"pourcentage citée dans le texte STARS (PA-9) : « … to first-year and final-year UGs and all PGT students. Response rate: ___,. Since, the EDI Unit has … »",29%,29.0,%,29 %,"https://reports.aashe.org/institutions/university-college-cork-national-university-of-ireland-cork-co-corcaigh/report/2026-03-05/PA/representation-access/PA-9/ (texte STARS du crédit PA-9, ligne 5)"
PA9_t4_1,cork,text,PA-9,"année citée dans le texte STARS (PA-9) : « … rst-year and final-year UGs and all PGT students. Response rate: ( ___ ),. Since, the EDI Unit has issued … »",2022,2022.0,année,2022,"https://reports.aashe.org/institutions/university-college-cork-national-university-of-ireland-cork-co-corcaigh/report/2026-03-05/PA/representation-access/PA-9/ (texte STARS du crédit PA-9, ligne 5)"
PA9_t4_2,cork,text,PA-9,"pourcentage citée dans le texte STARS (PA-9) : « … r and final-year UGs and all PGT students. Response rate:, ___. Since, the EDI Unit has issued bienn … »",25%,25.0,%,25 %,"https://reports.aashe.org/institutions/university-college-cork-national-university-of-ireland-cork-co-corcaigh/report/2026-03-05/PA/representation-access/PA-9/ (texte STARS du crédit PA-9, ligne 5)"
PA9_t4_3,cork,text,PA-9,"année citée dans le texte STARS (PA-9) : « … final-year UGs and all PGT students. Response rate:, ( ___ ). Since, the EDI Unit has issued biennial ED … »",2023,2023.0,année,2023,"https://reports.aashe.org/institutions/university-college-cork-national-university-of-ireland-cork-co-corcaigh/report/2026-03-05/PA/representation-access/PA-9/ (texte STARS du crédit PA-9, ligne 5)"
PA9_t4_4,cork,text,PA-9,"année citée dans le texte STARS (PA-9) : « … Gs and all PGT students. Response rate:,. Since ___, the EDI Unit has issued biennial EDI Student Sur … »",2018,2018.0,année,2018,"https://reports.aashe.org/institutions/university-college-cork-national-university-of-ireland-cork-co-corcaigh/report/2026-03-05/PA/representation-access/PA-9/ (texte STARS du crédit PA-9, ligne 5)"
PA9_t7_0,cork,text,PA-9,année citée dans le texte STARS (PA-9) : « … Figure displays the DIS makeup of the UCC student population in the ___ / academic year (the most recent reporting yea … »,2023,2023.0,année,2023,"https://reports.aashe.org/institutions/university-college-cork-national-university-of-ireland-cork-co-corcaigh/report/2026-03-05/PA/representation-access/PA-9/ (texte STARS du crédit PA-9, ligne 8)"
PA9_t7_1,cork,text,PA-9,année citée dans le texte STARS (PA-9) : « … e displays the DIS makeup of the UCC student population in the / ___ academic year (the most recent reporting year ava … »,2024,2024.0,année,2024,"https://reports.aashe.org/institutions/university-college-cork-national-university-of-ireland-cork-co-corcaigh/report/2026-03-05/PA/representation-access/PA-9/ (texte STARS du crédit PA-9, ligne 8)"
PA9_t8_0,cork,text,PA-9,"pourcentage citée dans le texte STARS (PA-9) : « … ack Irish: African, having the lowest average DIS Score at -, with ___ of students coming from a Disadvantaged area. … »",22%,22.0,%,22 %,"https://reports.aashe.org/institutions/university-college-cork-national-university-of-ireland-cork-co-corcaigh/report/2026-03-05/PA/representation-access/PA-9/ (texte STARS du crédit PA-9, ligne 9)"
PA9_t9_0,cork,text,PA-9,"pourcentage citée dans le texte STARS (PA-9) : « … : Any other Black Background, with an average DIS Score of -, with ___ coming from a Disadvantaged background. … »",18%,18.0,%,18 %,"https://reports.aashe.org/institutions/university-college-cork-national-university-of-ireland-cork-co-corcaigh/report/2026-03-05/PA/representation-access/PA-9/ (texte STARS du crédit PA-9, ligne 10)"
PA9_t10_0,cork,text,PA-9,année citée dans le texte STARS (PA-9) : « … Across the period ___ - to - of the disability categories on … »,2021,2021.0,année,2021,"https://reports.aashe.org/institutions/university-college-cork-national-university-of-ireland-cork-co-corcaigh/report/2026-03-05/PA/representation-access/PA-9/ (texte STARS du crédit PA-9, ligne 11)"
PA9_t10_1,cork,text,PA-9,année citée dans le texte STARS (PA-9) : « … Across the period - ___ to - of the disability categories on the … »,2022,2022.0,année,2022,"https://reports.aashe.org/institutions/university-college-cork-national-university-of-ireland-cork-co-corcaigh/report/2026-03-05/PA/representation-access/PA-9/ (texte STARS du crédit PA-9, ligne 11)"
PA9_t10_2,cork,text,PA-9,année citée dans le texte STARS (PA-9) : « … Across the period - to ___ - of the disability categories on the Access S … »,2023,2023.0,année,2023,"https://reports.aashe.org/institutions/university-college-cork-national-university-of-ireland-cork-co-corcaigh/report/2026-03-05/PA/representation-access/PA-9/ (texte STARS du crédit PA-9, ligne 11)"
PA9_t10_3,cork,text,PA-9,année citée dans le texte STARS (PA-9) : « … Across the period - to - ___ of the disability categories on the Access Survey … »,2024,2024.0,année,2024,"https://reports.aashe.org/institutions/university-college-cork-national-university-of-ireland-cork-co-corcaigh/report/2026-03-05/PA/representation-access/PA-9/ (texte STARS du crédit PA-9, ligne 11)"
PA9_t10_4,cork,text,PA-9,pourcentage citée dans le texte STARS (PA-9) : « … report a learning disability had the highest average DIS Score at ___ of these students were from a Marginally Above Av … »,65%,65.0,%,65 %,"https://reports.aashe.org/institutions/university-college-cork-national-university-of-ireland-cork-co-corcaigh/report/2026-03-05/PA/representation-access/PA-9/ (texte STARS du crédit PA-9, ligne 11)"
PA9_t10_5,cork,text,PA-9,pourcentage citée dans le texte STARS (PA-9) : « … these students were from a Marginally Above Average or Affluent area ( ___ Affluent and Marginally Above Average). This … »,19%,19.0,%,19 %,"https://reports.aashe.org/institutions/university-college-cork-national-university-of-ireland-cork-co-corcaigh/report/2026-03-05/PA/representation-access/PA-9/ (texte STARS du crédit PA-9, ligne 11)"
PA9_t10_6,cork,text,PA-9,pourcentage citée dans le texte STARS (PA-9) : « … re from a Marginally Above Average or Affluent area ( Affluent and ___ Marginally Above Average). This was followed by B … »,46%,46.0,%,46 %,"https://reports.aashe.org/institutions/university-college-cork-national-university-of-ireland-cork-co-corcaigh/report/2026-03-05/PA/representation-access/PA-9/ (texte STARS du crédit PA-9, ligne 11)"
PA9_t11_0,cork,text,PA-9,pourcentage citée dans le texte STARS (PA-9) : « … ported a Physical Disability had the lowest average DIS Score at. ___ of these students were from a Marginally Below Av … »,45%,45.0,%,45 %,"https://reports.aashe.org/institutions/university-college-cork-national-university-of-ireland-cork-co-corcaigh/report/2026-03-05/PA/representation-access/PA-9/ (texte STARS du crédit PA-9, ligne 12)"
PA9_t11_1,cork,text,PA-9,pourcentage citée dans le texte STARS (PA-9) : « … nts were from a Marginally Below Average or Disadvantaged background ( ___ Disadvantaged and Marginally Below Average). … »,14%,14.0,%,14 %,"https://reports.aashe.org/institutions/university-college-cork-national-university-of-ireland-cork-co-corcaigh/report/2026-03-05/PA/representation-access/PA-9/ (texte STARS du crédit PA-9, ligne 12)"
PA9_t11_2,cork,text,PA-9,pourcentage citée dans le texte STARS (PA-9) : « … ally Below Average or Disadvantaged background ( Disadvantaged and ___ Marginally Below Average). This was followed by O … »,31%,31.0,%,31 %,"https://reports.aashe.org/institutions/university-college-cork-national-university-of-ireland-cork-co-corcaigh/report/2026-03-05/PA/representation-access/PA-9/ (texte STARS du crédit PA-9, ligne 12)"
PA9_t13_0,cork,text,PA-9,"année citée dans le texte STARS (PA-9) : « … Figure. UCC's Deprivation Index Score by Home Address of Students, ___ -. Source: HEA … »",2023,2023.0,année,2023,"https://reports.aashe.org/institutions/university-college-cork-national-university-of-ireland-cork-co-corcaigh/report/2026-03-05/PA/representation-access/PA-9/ (texte STARS du crédit PA-9, ligne 14)"
PA9_t13_1,cork,text,PA-9,"année citée dans le texte STARS (PA-9) : « … re. UCC's Deprivation Index Score by Home Address of Students, - ___. Source: HEA … »",2024,2024.0,année,2024,"https://reports.aashe.org/institutions/university-college-cork-national-university-of-ireland-cork-co-corcaigh/report/2026-03-05/PA/representation-access/PA-9/ (texte STARS du crédit PA-9, ligne 14)"
PA9_t16_0,cork,text,PA-9,"année citée dans le texte STARS (PA-9) : « … tudent success and diversity, aligning with the National Access Plan ( ___ - ). All undergraduate programs reserve places … »",2022,2022.0,année,2022,"https://reports.aashe.org/institutions/university-college-cork-national-university-of-ireland-cork-co-corcaigh/report/2026-03-05/PA/representation-access/PA-9/ (texte STARS du crédit PA-9, ligne 17)"
PA9_t16_1,cork,text,PA-9,"année citée dans le texte STARS (PA-9) : « … t success and diversity, aligning with the National Access Plan ( - ___ ). All undergraduate programs reserve places for H … »",2028,2028.0,année,2028,"https://reports.aashe.org/institutions/university-college-cork-national-university-of-ireland-cork-co-corcaigh/report/2026-03-05/PA/representation-access/PA-9/ (texte STARS du crédit PA-9, ligne 17)"
PA9_t16_2,cork,text,PA-9,"pourcentage citée dans le texte STARS (PA-9) : « … tion), Mature Students, and QQI/FET pathway students, contributing to ___ of / admissions through Access Pathways. … »",22%,22.0,%,22 %,"https://reports.aashe.org/institutions/university-college-cork-national-university-of-ireland-cork-co-corcaigh/report/2026-03-05/PA/representation-access/PA-9/ (texte STARS du crédit PA-9, ligne 17)"
PA9_t16_3,cork,text,PA-9,"année citée dans le texte STARS (PA-9) : « … Mature Students, and QQI/FET pathway students, contributing to of ___ / admissions through Access Pathways. … »",2023,2023.0,année,2023,"https://reports.aashe.org/institutions/university-college-cork-national-university-of-ireland-cork-co-corcaigh/report/2026-03-05/PA/representation-access/PA-9/ (texte STARS du crédit PA-9, ligne 17)"
PA9_t17_0,cork,text,PA-9,"année citée dans le texte STARS (PA-9) : « … In ___ -, of students entered UCC via DARE ( … »",2024,2024.0,année,2024,"https://reports.aashe.org/institutions/university-college-cork-national-university-of-ireland-cork-co-corcaigh/report/2026-03-05/PA/representation-access/PA-9/ (texte STARS du crédit PA-9, ligne 18)"
PA9_t17_1,cork,text,PA-9,"année citée dans le texte STARS (PA-9) : « … In - ___, of students entered UCC via DARE ( ave … »",2025,2025.0,année,2025,"https://reports.aashe.org/institutions/university-college-cork-national-university-of-ireland-cork-co-corcaigh/report/2026-03-05/PA/representation-access/PA-9/ (texte STARS du crédit PA-9, ligne 18)"
PA9_t17_2,cork,text,PA-9,"pourcentage citée dans le texte STARS (PA-9) : « … In -, ___ of students entered UCC via DARE ( average fo … »",10.6%,10.6,%,"10,6 %","https://reports.aashe.org/institutions/university-college-cork-national-university-of-ireland-cork-co-corcaigh/report/2026-03-05/PA/representation-access/PA-9/ (texte STARS du crédit PA-9, ligne 18)"
PA9_t17_3,cork,text,PA-9,"pourcentage citée dans le texte STARS (PA-9) : « … In -, of students entered UCC via DARE ( ___ average for Irish Universities Association HEIs); … »",7.2%,7.2,%,"7,2 %","https://reports.aashe.org/institutions/university-college-cork-national-university-of-ireland-cork-co-corcaigh/report/2026-03-05/PA/representation-access/PA-9/ (texte STARS du crédit PA-9, ligne 18)"
PA9_t17_4,cork,text,PA-9,"année citée dans le texte STARS (PA-9) : « … C via DARE ( average for Irish Universities Association HEIs); in ___ -, (vs average for IUA). … »",2023,2023.0,année,2023,"https://reports.aashe.org/institutions/university-college-cork-national-university-of-ireland-cork-co-corcaigh/report/2026-03-05/PA/representation-access/PA-9/ (texte STARS du crédit PA-9, ligne 18)"
PA9_t17_5,cork,text,PA-9,"année citée dans le texte STARS (PA-9) : « … DARE ( average for Irish Universities Association HEIs); in - ___, (vs average for IUA). … »",2024,2024.0,année,2024,"https://reports.aashe.org/institutions/university-college-cork-national-university-of-ireland-cork-co-corcaigh/report/2026-03-05/PA/representation-access/PA-9/ (texte STARS du crédit PA-9, ligne 18)"
PA9_t17_6,cork,text,PA-9,"pourcentage citée dans le texte STARS (PA-9) : « … ( average for Irish Universities Association HEIs); in -, ___ (vs average for IUA). … »",9.1%,9.1,%,"9,1 %","https://reports.aashe.org/institutions/university-college-cork-national-university-of-ireland-cork-co-corcaigh/report/2026-03-05/PA/representation-access/PA-9/ (texte STARS du crédit PA-9, ligne 18)"
PA9_t17_7,cork,text,PA-9,"pourcentage citée dans le texte STARS (PA-9) : « … rage for Irish Universities Association HEIs); in -, (vs ___ average for IUA). … »",7.7%,7.7,%,"7,7 %","https://reports.aashe.org/institutions/university-college-cork-national-university-of-ireland-cork-co-corcaigh/report/2026-03-05/PA/representation-access/PA-9/ (texte STARS du crédit PA-9, ligne 18)"
PA9_t18_0,cork,text,PA-9,"année citée dans le texte STARS (PA-9) : « … Figure. UCC Student Intake by Entry Routes ( ___ -, - ). Source: HEA … »",2023,2023.0,année,2023,"https://reports.aashe.org/institutions/university-college-cork-national-university-of-ireland-cork-co-corcaigh/report/2026-03-05/PA/representation-access/PA-9/ (texte STARS du crédit PA-9, ligne 19)"
PA9_t18_1,cork,text,PA-9,"année citée dans le texte STARS (PA-9) : « … Figure. UCC Student Intake by Entry Routes ( - ___, - ). Source: HEA … »",2024,2024.0,année,2024,"https://reports.aashe.org/institutions/university-college-cork-national-university-of-ireland-cork-co-corcaigh/report/2026-03-05/PA/representation-access/PA-9/ (texte STARS du crédit PA-9, ligne 19)"
PA9_t18_2,cork,text,PA-9,"année citée dans le texte STARS (PA-9) : « … Figure. UCC Student Intake by Entry Routes ( - ___, - ). Source: HEA … »",2024,2024.0,année,2024,"https://reports.aashe.org/institutions/university-college-cork-national-university-of-ireland-cork-co-corcaigh/report/2026-03-05/PA/representation-access/PA-9/ (texte STARS du crédit PA-9, ligne 19)"
PA9_t18_3,cork,text,PA-9,"année citée dans le texte STARS (PA-9) : « … Figure. UCC Student Intake by Entry Routes ( -, - ___ ). Source: HEA … »",2025,2025.0,année,2025,"https://reports.aashe.org/institutions/university-college-cork-national-university-of-ireland-cork-co-corcaigh/report/2026-03-05/PA/representation-access/PA-9/ (texte STARS du crédit PA-9, ligne 19)"
PA9_t19_0,cork,text,PA-9,"année citée dans le texte STARS (PA-9) : « … University of Sanctuary: Awarded in ___, UCC offers Sanctuary Scholarships to asylum seek … »",2018,2018.0,année,2018,"https://reports.aashe.org/institutions/university-college-cork-national-university-of-ireland-cork-co-corcaigh/report/2026-03-05/PA/representation-access/PA-9/ (texte STARS du crédit PA-9, ligne 20)"
PA9_t19_1,cork,text,PA-9,année citée dans le texte STARS (PA-9) : « … ers and bursaries. - UG students have been supported since ___. … »,2018,2018.0,année,2018,"https://reports.aashe.org/institutions/university-college-cork-national-university-of-ireland-cork-co-corcaigh/report/2026-03-05/PA/representation-access/PA-9/ (texte STARS du crédit PA-9, ligne 20)"
PA10_t3_0,cork,text,PA-10,"pourcentage citée dans le texte STARS (PA-10) : « … refer to this page for the methodology.. UCC's completion rate is at ___, in general terms. For Low income students at UCC … »",95%,95.0,%,95 %,"https://reports.aashe.org/institutions/university-college-cork-national-university-of-ireland-cork-co-corcaigh/report/2026-03-05/PA/representation-access/PA-10/ (texte STARS du crédit PA-10, ligne 4)"
PA10_t3_1,cork,text,PA-10,"pourcentage citée dans le texte STARS (PA-10) : « … t, in general terms. For Low income students at UCC this drops to ___, drop out. See link to data here: HEA – Non-pr … »",92%,92.0,%,92 %,"https://reports.aashe.org/institutions/university-college-cork-national-university-of-ireland-cork-co-corcaigh/report/2026-03-05/PA/representation-access/PA-10/ (texte STARS du crédit PA-10, ligne 4)"
PA10_t3_2,cork,text,PA-10,"pourcentage citée dans le texte STARS (PA-10) : « … , in general terms. For Low income students at UCC this drops to, ___ drop out. See link to data here: HEA – Non-progre … »",8%,8.0,%,8 %,"https://reports.aashe.org/institutions/university-college-cork-national-university-of-ireland-cork-co-corcaigh/report/2026-03-05/PA/representation-access/PA-10/ (texte STARS du crédit PA-10, ligne 4)"
PA10_t4_0,cork,text,PA-10,pourcentage citée dans le texte STARS (PA-10) : « … Non comepletion for women is running at ___ currently for women at UCC and for men. See ch … »,7%,7.0,%,7 %,"https://reports.aashe.org/institutions/university-college-cork-national-university-of-ireland-cork-co-corcaigh/report/2026-03-05/PA/representation-access/PA-10/ (texte STARS du crédit PA-10, ligne 5)"
PA10_t4_1,cork,text,PA-10,pourcentage citée dans le texte STARS (PA-10) : « … comepletion for women is running at currently for women at UCC and ___ for men. See chart here: … »,5%,5.0,%,5 %,"https://reports.aashe.org/institutions/university-college-cork-national-university-of-ireland-cork-co-corcaigh/report/2026-03-05/PA/representation-access/PA-10/ (texte STARS du crédit PA-10, ligne 5)"
PA11_t21_0,cork,text,PA-11,"année citée dans le texte STARS (PA-11) : « … UCC Smoking PolicyAs and from the th March ___, under public health legislation, smoking is proh … »",2004,2004.0,année,2004,"https://reports.aashe.org/institutions/university-college-cork-national-university-of-ireland-cork-co-corcaigh/report/2026-03-05/PA/wellbeing-work/PA-11/ (texte STARS du crédit PA-11, ligne 22)"
PA13_t1_0,cork,text,PA-13,année citée dans le texte STARS (PA-13) : « … the -month period leading up to the snapshot date which is June ___. Staff are only included if they were in receipt … »,2025,2025.0,année,2025,"https://reports.aashe.org/institutions/university-college-cork-national-university-of-ireland-cork-co-corcaigh/report/2026-03-05/PA/wellbeing-work/PA-13/ (texte STARS du crédit PA-13, ligne 2)"
IL30_t0_0,cork,text,IL-30,"année citée dans le texte STARS (IL-30) : « … In November ___, UCC became the first level institution wor … »",2011,2011.0,année,2011,"https://reports.aashe.org/institutions/university-college-cork-national-university-of-ireland-cork-co-corcaigh/report/2026-03-05/IL/innovation-leadership/IL-30/ (texte STARS du crédit IL-30, ligne 1)"
IL66_t0_0,cork,text,IL-66,année citée dans le texte STARS (IL-66) : « … in Ireland's Voluntary National Review submitted to the UN in January ___. The chapter highlighter how the higher education … »,2023,2023.0,année,2023,"https://reports.aashe.org/institutions/university-college-cork-national-university-of-ireland-cork-co-corcaigh/report/2026-03-05/IL/innovation-leadership/IL-66/ (texte STARS du crédit IL-66, ligne 1)"
IL67_t0_0,cork,text,IL-67,"année citée dans le texte STARS (IL-67) : « … In ___, UCC was awarded the title of University of Sanct … »",2018,2018.0,année,2018,"https://reports.aashe.org/institutions/university-college-cork-national-university-of-ireland-cork-co-corcaigh/report/2026-03-05/IL/innovation-leadership/IL-67/ (texte STARS du crédit IL-67, ligne 1)"
IL67_t3_0,cork,text,IL-67,"année citée dans le texte STARS (IL-67) : « … In May ___, University College Cork set up an Emergency Resp … »",2024,2024.0,année,2024,"https://reports.aashe.org/institutions/university-college-cork-national-university-of-ireland-cork-co-corcaigh/report/2026-03-05/IL/innovation-leadership/IL-67/ (texte STARS du crédit IL-67, ligne 4)"
IL68_t0_0,cork,text,IL-68,"année citée dans le texte STARS (IL-68) : « … In April ___, UCC launched its first ""Digital Cleanup Day"", wh … »",2025,2025.0,année,2025,"https://reports.aashe.org/institutions/university-college-cork-national-university-of-ireland-cork-co-corcaigh/report/2026-03-05/IL/innovation-leadership/IL-68/ (texte STARS du crédit IL-68, ligne 1)"
IL68_t2_0,cork,text,IL-68,année citée dans le texte STARS (IL-68) : « … In ___ the Digital Declutter has been upgraded to a week … »,2026,2026.0,année,2026,"https://reports.aashe.org/institutions/university-college-cork-national-university-of-ireland-cork-co-corcaigh/report/2026-03-05/IL/innovation-leadership/IL-68/ (texte STARS du crédit IL-68, ligne 3)"
STARS_score,tudublin,overall,,Score STARS global,83.35,83.35,,"83,35",https://reports.aashe.org/institutions/technological-university-dublin-dublin/report/2024-12-02/
STARS_date,tudublin,meta,,Date de soumission STARS,"Dec. 2, 2024",,,2 décembre 2024,https://reports.aashe.org/institutions/technological-university-dublin-dublin/report/2024-12-02/
AC1_score,tudublin,score,AC-1,Points obtenus — Sustainability Course Offerings,14.0,14.0,pts,14,https://reports.aashe.org/institutions/technological-university-dublin-dublin/report/2024-12-02/AC/ (AC-1)
AC1_max,tudublin,max,AC-1,Points possibles — Sustainability Course Offerings,14.0,14.0,pts,14,https://reports.aashe.org/institutions/technological-university-dublin-dublin/report/2024-12-02/AC/ (AC-1)
AC2_score,tudublin,score,AC-2,Points obtenus — Undergraduate Programs,13.28,13.28,pts,"13,28",https://reports.aashe.org/institutions/technological-university-dublin-dublin/report/2024-12-02/AC/ (AC-2)
AC2_max,tudublin,max,AC-2,Points possibles — Undergraduate Programs,15.0,15.0,pts,15,https://reports.aashe.org/institutions/technological-university-dublin-dublin/report/2024-12-02/AC/ (AC-2)
AC3_score,tudublin,score,AC-3,Points obtenus — Graduate Programs,8.0,8.0,pts,8,https://reports.aashe.org/institutions/technological-university-dublin-dublin/report/2024-12-02/AC/ (AC-3)
AC3_max,tudublin,max,AC-3,Points possibles — Graduate Programs,8.0,8.0,pts,8,https://reports.aashe.org/institutions/technological-university-dublin-dublin/report/2024-12-02/AC/ (AC-3)
AC4_score,tudublin,score,AC-4,Points obtenus — Applied Learning,4.0,4.0,pts,4,https://reports.aashe.org/institutions/technological-university-dublin-dublin/report/2024-12-02/AC/ (AC-4)
AC4_max,tudublin,max,AC-4,Points possibles — Applied Learning,4.0,4.0,pts,4,https://reports.aashe.org/institutions/technological-university-dublin-dublin/report/2024-12-02/AC/ (AC-4)
AC5_score,tudublin,score,AC-5,Points obtenus — Sustainability Literacy Assessment,1.58,1.58,pts,"1,58",https://reports.aashe.org/institutions/technological-university-dublin-dublin/report/2024-12-02/AC/ (AC-5)
AC5_max,tudublin,max,AC-5,Points possibles — Sustainability Literacy Assessment,4.0,4.0,pts,4,https://reports.aashe.org/institutions/technological-university-dublin-dublin/report/2024-12-02/AC/ (AC-5)
AC6_score,tudublin,score,AC-6,Points obtenus — Sustainability Research,10.0,10.0,pts,10,https://reports.aashe.org/institutions/technological-university-dublin-dublin/report/2024-12-02/AC/ (AC-6)
AC6_max,tudublin,max,AC-6,Points possibles — Sustainability Research,10.0,10.0,pts,10,https://reports.aashe.org/institutions/technological-university-dublin-dublin/report/2024-12-02/AC/ (AC-6)
AC7_score,tudublin,score,AC-7,Points obtenus — Center for Sustainability Research,6.0,6.0,pts,6,https://reports.aashe.org/institutions/technological-university-dublin-dublin/report/2024-12-02/AC/ (AC-7)
AC7_max,tudublin,max,AC-7,Points possibles — Center for Sustainability Research,6.0,6.0,pts,6,https://reports.aashe.org/institutions/technological-university-dublin-dublin/report/2024-12-02/AC/ (AC-7)
AC8_score,tudublin,score,AC-8,Points obtenus — Responsible Research and Innovation,7.0,7.0,pts,7,https://reports.aashe.org/institutions/technological-university-dublin-dublin/report/2024-12-02/AC/ (AC-8)
AC8_max,tudublin,max,AC-8,Points possibles — Responsible Research and Innovation,7.0,7.0,pts,7,https://reports.aashe.org/institutions/technological-university-dublin-dublin/report/2024-12-02/AC/ (AC-8)
EN1_score,tudublin,score,EN-1,Points obtenus — Outreach and Communications,5.0,5.0,pts,5,https://reports.aashe.org/institutions/technological-university-dublin-dublin/report/2024-12-02/EN/ (EN-1)
EN1_max,tudublin,max,EN-1,Points possibles — Outreach and Communications,5.0,5.0,pts,5,https://reports.aashe.org/institutions/technological-university-dublin-dublin/report/2024-12-02/EN/ (EN-1)
EN2_score,tudublin,score,EN-2,Points obtenus — Co-Curricular Activities,9.0,9.0,pts,9,https://reports.aashe.org/institutions/technological-university-dublin-dublin/report/2024-12-02/EN/ (EN-2)
EN2_max,tudublin,max,EN-2,Points possibles — Co-Curricular Activities,9.0,9.0,pts,9,https://reports.aashe.org/institutions/technological-university-dublin-dublin/report/2024-12-02/EN/ (EN-2)
EN3_score,tudublin,score,EN-3,Points obtenus — Staff Engagement and Training,8.0,8.0,pts,8,https://reports.aashe.org/institutions/technological-university-dublin-dublin/report/2024-12-02/EN/ (EN-3)
EN3_max,tudublin,max,EN-3,Points possibles — Staff Engagement and Training,8.0,8.0,pts,8,https://reports.aashe.org/institutions/technological-university-dublin-dublin/report/2024-12-02/EN/ (EN-3)
EN4_score,tudublin,score,EN-4,Points obtenus — Sustainability Culture Assessment,2.0,2.0,pts,2,https://reports.aashe.org/institutions/technological-university-dublin-dublin/report/2024-12-02/EN/ (EN-4)
EN4_max,tudublin,max,EN-4,Points possibles — Sustainability Culture Assessment,3.0,3.0,pts,3,https://reports.aashe.org/institutions/technological-university-dublin-dublin/report/2024-12-02/EN/ (EN-4)
EN5_score,tudublin,score,EN-5,Points obtenus — Civic Engagement,4.5,4.5,pts,"4,5",https://reports.aashe.org/institutions/technological-university-dublin-dublin/report/2024-12-02/EN/ (EN-5)
EN5_max,tudublin,max,EN-5,Points possibles — Civic Engagement,8.0,8.0,pts,8,https://reports.aashe.org/institutions/technological-university-dublin-dublin/report/2024-12-02/EN/ (EN-5)
EN6_score,tudublin,score,EN-6,Points obtenus — Community Partnerships,7.0,7.0,pts,7,https://reports.aashe.org/institutions/technological-university-dublin-dublin/report/2024-12-02/EN/ (EN-6)
EN6_max,tudublin,max,EN-6,Points possibles — Community Partnerships,9.0,9.0,pts,9,https://reports.aashe.org/institutions/technological-university-dublin-dublin/report/2024-12-02/EN/ (EN-6)
EN7_score,tudublin,score,EN-7,Points obtenus — Continuing Education,3.0,3.0,pts,3,https://reports.aashe.org/institutions/technological-university-dublin-dublin/report/2024-12-02/EN/ (EN-7)
EN7_max,tudublin,max,EN-7,Points possibles — Continuing Education,3.0,3.0,pts,3,https://reports.aashe.org/institutions/technological-university-dublin-dublin/report/2024-12-02/EN/ (EN-7)
EN8_score,tudublin,score,EN-8,Points obtenus — Shared Facilities,2.0,2.0,pts,2,https://reports.aashe.org/institutions/technological-university-dublin-dublin/report/2024-12-02/EN/ (EN-8)
EN8_max,tudublin,max,EN-8,Points possibles — Shared Facilities,2.0,2.0,pts,2,https://reports.aashe.org/institutions/technological-university-dublin-dublin/report/2024-12-02/EN/ (EN-8)
EN9_score,tudublin,score,EN-9,Points obtenus — Inter-Campus Collaboration,3.0,3.0,pts,3,https://reports.aashe.org/institutions/technological-university-dublin-dublin/report/2024-12-02/EN/ (EN-9)
EN9_max,tudublin,max,EN-9,Points possibles — Inter-Campus Collaboration,3.0,3.0,pts,3,https://reports.aashe.org/institutions/technological-university-dublin-dublin/report/2024-12-02/EN/ (EN-9)
OP1_score,tudublin,score,OP-1,Points obtenus — Building Design and Construction,1.38,1.38,pts,"1,38",https://reports.aashe.org/institutions/technological-university-dublin-dublin/report/2024-12-02/OP/ (OP-1)
OP1_max,tudublin,max,OP-1,Points possibles — Building Design and Construction,3.0,3.0,pts,3,https://reports.aashe.org/institutions/technological-university-dublin-dublin/report/2024-12-02/OP/ (OP-1)
OP2_score,tudublin,score,OP-2,Points obtenus — Building Operations and Maintenance,1.97,1.97,pts,"1,97",https://reports.aashe.org/institutions/technological-university-dublin-dublin/report/2024-12-02/OP/ (OP-2)
OP2_max,tudublin,max,OP-2,Points possibles — Building Operations and Maintenance,5.0,5.0,pts,5,https://reports.aashe.org/institutions/technological-university-dublin-dublin/report/2024-12-02/OP/ (OP-2)
OP3_score,tudublin,score,OP-3,Points obtenus — Water Use,4.33,4.33,pts,"4,33",https://reports.aashe.org/institutions/technological-university-dublin-dublin/report/2024-12-02/OP/ (OP-3)
OP3_max,tudublin,max,OP-3,Points possibles — Water Use,6.0,6.0,pts,6,https://reports.aashe.org/institutions/technological-university-dublin-dublin/report/2024-12-02/OP/ (OP-3)
OP4_score,tudublin,score,OP-4,Points obtenus — Ecologically Managed Grounds,0.69,0.69,pts,"0,69",https://reports.aashe.org/institutions/technological-university-dublin-dublin/report/2024-12-02/OP/ (OP-4)
OP4_max,tudublin,max,OP-4,Points possibles — Ecologically Managed Grounds,5.0,5.0,pts,5,https://reports.aashe.org/institutions/technological-university-dublin-dublin/report/2024-12-02/OP/ (OP-4)
OP5_score,tudublin,score,OP-5,Points obtenus — Energy Use,6.34,6.34,pts,"6,34",https://reports.aashe.org/institutions/technological-university-dublin-dublin/report/2024-12-02/OP/ (OP-5)
OP5_max,tudublin,max,OP-5,Points possibles — Energy Use,10.0,10.0,pts,10,https://reports.aashe.org/institutions/technological-university-dublin-dublin/report/2024-12-02/OP/ (OP-5)
OP6_score,tudublin,score,OP-6,Points obtenus — Greenhouse Gas Emissions,10.79,10.79,pts,"10,79",https://reports.aashe.org/institutions/technological-university-dublin-dublin/report/2024-12-02/OP/ (OP-6)
OP6_max,tudublin,max,OP-6,Points possibles — Greenhouse Gas Emissions,16.0,16.0,pts,16,https://reports.aashe.org/institutions/technological-university-dublin-dublin/report/2024-12-02/OP/ (OP-6)
OP7_score,tudublin,score,OP-7,Points obtenus — Dining Service Procurement,4.54,4.54,pts,"4,54",https://reports.aashe.org/institutions/technological-university-dublin-dublin/report/2024-12-02/OP/ (OP-7)
OP7_max,tudublin,max,OP-7,Points possibles — Dining Service Procurement,8.0,8.0,pts,8,https://reports.aashe.org/institutions/technological-university-dublin-dublin/report/2024-12-02/OP/ (OP-7)
OP8_score,tudublin,score,OP-8,Points obtenus — Food Recovery,2.0,2.0,pts,2,https://reports.aashe.org/institutions/technological-university-dublin-dublin/report/2024-12-02/OP/ (OP-8)
OP8_max,tudublin,max,OP-8,Points possibles — Food Recovery,2.0,2.0,pts,2,https://reports.aashe.org/institutions/technological-university-dublin-dublin/report/2024-12-02/OP/ (OP-8)
OP9_score,tudublin,score,OP-9,Points obtenus — Sustainable Procurement System,2.4,2.4,pts,"2,4",https://reports.aashe.org/institutions/technological-university-dublin-dublin/report/2024-12-02/OP/ (OP-9)
OP9_max,tudublin,max,OP-9,Points possibles — Sustainable Procurement System,7.0,7.0,pts,7,https://reports.aashe.org/institutions/technological-university-dublin-dublin/report/2024-12-02/OP/ (OP-9)
OP10_score,tudublin,score,OP-10,Points obtenus — Purchased Goods,2.75,2.75,pts,"2,75",https://reports.aashe.org/institutions/technological-university-dublin-dublin/report/2024-12-02/OP/ (OP-10)
OP10_max,tudublin,max,OP-10,Points possibles — Purchased Goods,4.0,4.0,pts,4,https://reports.aashe.org/institutions/technological-university-dublin-dublin/report/2024-12-02/OP/ (OP-10)
OP11_score,tudublin,score,OP-11,Points obtenus — Materials Management,2.25,2.25,pts,"2,25",https://reports.aashe.org/institutions/technological-university-dublin-dublin/report/2024-12-02/OP/ (OP-11)
OP11_max,tudublin,max,OP-11,Points possibles — Materials Management,4.0,4.0,pts,4,https://reports.aashe.org/institutions/technological-university-dublin-dublin/report/2024-12-02/OP/ (OP-11)
OP12_score,tudublin,score,OP-12,Points obtenus — Waste Generation and Recovery,3.94,3.94,pts,"3,94",https://reports.aashe.org/institutions/technological-university-dublin-dublin/report/2024-12-02/OP/ (OP-12)
OP12_max,tudublin,max,OP-12,Points possibles — Waste Generation and Recovery,5.0,5.0,pts,5,https://reports.aashe.org/institutions/technological-university-dublin-dublin/report/2024-12-02/OP/ (OP-12)
OP13_score,tudublin,score,OP-13,Points obtenus — Vehicle Fleet,2.0,2.0,pts,2,https://reports.aashe.org/institutions/technological-university-dublin-dublin/report/2024-12-02/OP/ (OP-13)
OP13_max,tudublin,max,OP-13,Points possibles — Vehicle Fleet,2.0,2.0,pts,2,https://reports.aashe.org/institutions/technological-university-dublin-dublin/report/2024-12-02/OP/ (OP-13)
OP14_score,tudublin,score,OP-14,Points obtenus — Commute Modal Split,5.39,5.39,pts,"5,39",https://reports.aashe.org/institutions/technological-university-dublin-dublin/report/2024-12-02/OP/ (OP-14)
OP14_max,tudublin,max,OP-14,Points possibles — Commute Modal Split,6.0,6.0,pts,6,https://reports.aashe.org/institutions/technological-university-dublin-dublin/report/2024-12-02/OP/ (OP-14)
OP15_score,tudublin,score,OP-15,Points obtenus — Air Travel,0.0,0.0,pts,0,https://reports.aashe.org/institutions/technological-university-dublin-dublin/report/2024-12-02/OP/ (OP-15)
OP15_max,tudublin,max,OP-15,Points possibles — Air Travel,2.0,2.0,pts,2,https://reports.aashe.org/institutions/technological-university-dublin-dublin/report/2024-12-02/OP/ (OP-15)
PA1_score,tudublin,score,PA-1,Points obtenus — Sustainability Coordination,1.0,1.0,pts,1,https://reports.aashe.org/institutions/technological-university-dublin-dublin/report/2024-12-02/PA/ (PA-1)
PA1_max,tudublin,max,PA-1,Points possibles — Sustainability Coordination,1.0,1.0,pts,1,https://reports.aashe.org/institutions/technological-university-dublin-dublin/report/2024-12-02/PA/ (PA-1)
PA2_score,tudublin,score,PA-2,Points obtenus — Commitments and Planning,5.67,5.67,pts,"5,67",https://reports.aashe.org/institutions/technological-university-dublin-dublin/report/2024-12-02/PA/ (PA-2)
PA2_max,tudublin,max,PA-2,Points possibles — Commitments and Planning,6.0,6.0,pts,6,https://reports.aashe.org/institutions/technological-university-dublin-dublin/report/2024-12-02/PA/ (PA-2)
PA3_score,tudublin,score,PA-3,Points obtenus — Institutional Governance,4.0,4.0,pts,4,https://reports.aashe.org/institutions/technological-university-dublin-dublin/report/2024-12-02/PA/ (PA-3)
PA3_max,tudublin,max,PA-3,Points possibles — Institutional Governance,4.0,4.0,pts,4,https://reports.aashe.org/institutions/technological-university-dublin-dublin/report/2024-12-02/PA/ (PA-3)
PA6_score,tudublin,score,PA-6,Points obtenus — Institutional Climate,3.0,3.0,pts,3,https://reports.aashe.org/institutions/technological-university-dublin-dublin/report/2024-12-02/PA/ (PA-6)
PA6_max,tudublin,max,PA-6,Points possibles — Institutional Climate,3.0,3.0,pts,3,https://reports.aashe.org/institutions/technological-university-dublin-dublin/report/2024-12-02/PA/ (PA-6)
PA7_score,tudublin,score,PA-7,Points obtenus — Racial and Ethnic Representation,0.86,0.86,pts,"0,86",https://reports.aashe.org/institutions/technological-university-dublin-dublin/report/2024-12-02/PA/ (PA-7)
PA7_max,tudublin,max,PA-7,Points possibles — Racial and Ethnic Representation,3.0,3.0,pts,3,https://reports.aashe.org/institutions/technological-university-dublin-dublin/report/2024-12-02/PA/ (PA-7)
PA8_score,tudublin,score,PA-8,Points obtenus — Gender Parity,0.33,0.33,pts,"0,33",https://reports.aashe.org/institutions/technological-university-dublin-dublin/report/2024-12-02/PA/ (PA-8)
PA8_max,tudublin,max,PA-8,Points possibles — Gender Parity,2.0,2.0,pts,2,https://reports.aashe.org/institutions/technological-university-dublin-dublin/report/2024-12-02/PA/ (PA-8)
PA9_score,tudublin,score,PA-9,Points obtenus — Affordability and Access,2.5,2.5,pts,"2,5",https://reports.aashe.org/institutions/technological-university-dublin-dublin/report/2024-12-02/PA/ (PA-9)
PA9_max,tudublin,max,PA-9,Points possibles — Affordability and Access,3.0,3.0,pts,3,https://reports.aashe.org/institutions/technological-university-dublin-dublin/report/2024-12-02/PA/ (PA-9)
PA10_score,tudublin,score,PA-10,Points obtenus — Student Success,2.91,2.91,pts,"2,91",https://reports.aashe.org/institutions/technological-university-dublin-dublin/report/2024-12-02/PA/ (PA-10)
PA10_max,tudublin,max,PA-10,Points possibles — Student Success,3.0,3.0,pts,3,https://reports.aashe.org/institutions/technological-university-dublin-dublin/report/2024-12-02/PA/ (PA-10)
PA11_score,tudublin,score,PA-11,"Points obtenus — Health, Safety and Wellbeing",3.0,3.0,pts,3,https://reports.aashe.org/institutions/technological-university-dublin-dublin/report/2024-12-02/PA/ (PA-11)
PA11_max,tudublin,max,PA-11,"Points possibles — Health, Safety and Wellbeing",3.0,3.0,pts,3,https://reports.aashe.org/institutions/technological-university-dublin-dublin/report/2024-12-02/PA/ (PA-11)
PA12_score,tudublin,score,PA-12,Points obtenus — Employee Rights,3.0,3.0,pts,3,https://reports.aashe.org/institutions/technological-university-dublin-dublin/report/2024-12-02/PA/ (PA-12)
PA12_max,tudublin,max,PA-12,Points possibles — Employee Rights,3.0,3.0,pts,3,https://reports.aashe.org/institutions/technological-university-dublin-dublin/report/2024-12-02/PA/ (PA-12)
PA13_score,tudublin,score,PA-13,Points obtenus — Pay Equity and Living Wage,4.8,4.8,pts,"4,8",https://reports.aashe.org/institutions/technological-university-dublin-dublin/report/2024-12-02/PA/ (PA-13)
PA13_max,tudublin,max,PA-13,Points possibles — Pay Equity and Living Wage,5.0,5.0,pts,5,https://reports.aashe.org/institutions/technological-university-dublin-dublin/report/2024-12-02/PA/ (PA-13)
IL3_score,tudublin,score,IL-3,Points obtenus — Sustainability Course Inventory,1.0,1.0,pts,1,https://reports.aashe.org/institutions/technological-university-dublin-dublin/report/2024-12-02/IL/ (IL-3)
IL3_max,tudublin,max,IL-3,Points possibles — Sustainability Course Inventory,1.0,1.0,pts,1,https://reports.aashe.org/institutions/technological-university-dublin-dublin/report/2024-12-02/IL/ (IL-3)
IL6_score,tudublin,score,IL-6,Points obtenus — Sustainability Research Inventory,1.0,1.0,pts,1,https://reports.aashe.org/institutions/technological-university-dublin-dublin/report/2024-12-02/IL/ (IL-6)
IL6_max,tudublin,max,IL-6,Points possibles — Sustainability Research Inventory,1.0,1.0,pts,1,https://reports.aashe.org/institutions/technological-university-dublin-dublin/report/2024-12-02/IL/ (IL-6)
IL8_score,tudublin,score,IL-8,Points obtenus — Open Access Journal Hosting,1.0,1.0,pts,1,https://reports.aashe.org/institutions/technological-university-dublin-dublin/report/2024-12-02/IL/ (IL-8)
IL8_max,tudublin,max,IL-8,Points possibles — Open Access Journal Hosting,1.0,1.0,pts,1,https://reports.aashe.org/institutions/technological-university-dublin-dublin/report/2024-12-02/IL/ (IL-8)
IL11_score,tudublin,score,IL-11,Points obtenus — Green Events Program,0.0,0.0,pts,0,https://reports.aashe.org/institutions/technological-university-dublin-dublin/report/2024-12-02/IL/ (IL-11)
IL11_max,tudublin,max,IL-11,Points possibles — Green Events Program,1.0,1.0,pts,1,https://reports.aashe.org/institutions/technological-university-dublin-dublin/report/2024-12-02/IL/ (IL-11)
IL12_score,tudublin,score,IL-12,Points obtenus — Green Laboratory Program,0.5,0.5,pts,"0,5",https://reports.aashe.org/institutions/technological-university-dublin-dublin/report/2024-12-02/IL/ (IL-12)
IL12_max,tudublin,max,IL-12,Points possibles — Green Laboratory Program,1.0,1.0,pts,1,https://reports.aashe.org/institutions/technological-university-dublin-dublin/report/2024-12-02/IL/ (IL-12)
IL18_score,tudublin,score,IL-18,Points obtenus — Continuing Education Inventory,1.0,1.0,pts,1,https://reports.aashe.org/institutions/technological-university-dublin-dublin/report/2024-12-02/IL/ (IL-18)
IL18_max,tudublin,max,IL-18,Points possibles — Continuing Education Inventory,1.0,1.0,pts,1,https://reports.aashe.org/institutions/technological-university-dublin-dublin/report/2024-12-02/IL/ (IL-18)
IL30_score,tudublin,score,IL-30,Points obtenus — Energy System Certification,1.0,1.0,pts,1,https://reports.aashe.org/institutions/technological-university-dublin-dublin/report/2024-12-02/IL/ (IL-30)
IL30_max,tudublin,max,IL-30,Points possibles — Energy System Certification,1.0,1.0,pts,1,https://reports.aashe.org/institutions/technological-university-dublin-dublin/report/2024-12-02/IL/ (IL-30)
IL31_score,tudublin,score,IL-31,Points obtenus — GHG Verification,1.0,1.0,pts,1,https://reports.aashe.org/institutions/technological-university-dublin-dublin/report/2024-12-02/IL/ (IL-31)
IL31_max,tudublin,max,IL-31,Points possibles — GHG Verification,1.0,1.0,pts,1,https://reports.aashe.org/institutions/technological-university-dublin-dublin/report/2024-12-02/IL/ (IL-31)
IL48_score,tudublin,score,IL-48,Points obtenus — Shared Mobility Program,0.5,0.5,pts,"0,5",https://reports.aashe.org/institutions/technological-university-dublin-dublin/report/2024-12-02/IL/ (IL-48)
IL48_max,tudublin,max,IL-48,Points possibles — Shared Mobility Program,1.0,1.0,pts,1,https://reports.aashe.org/institutions/technological-university-dublin-dublin/report/2024-12-02/IL/ (IL-48)
IL52_score,tudublin,score,IL-52,Points obtenus — Sustainability-Equity Coordination,1.0,1.0,pts,1,https://reports.aashe.org/institutions/technological-university-dublin-dublin/report/2024-12-02/IL/ (IL-52)
IL52_max,tudublin,max,IL-52,Points possibles — Sustainability-Equity Coordination,1.0,1.0,pts,1,https://reports.aashe.org/institutions/technological-university-dublin-dublin/report/2024-12-02/IL/ (IL-52)
IL56_score,tudublin,score,IL-56,Points obtenus — Open and Shared Course Materials,1.0,1.0,pts,1,https://reports.aashe.org/institutions/technological-university-dublin-dublin/report/2024-12-02/IL/ (IL-56)
IL56_max,tudublin,max,IL-56,Points possibles — Open and Shared Course Materials,1.0,1.0,pts,1,https://reports.aashe.org/institutions/technological-university-dublin-dublin/report/2024-12-02/IL/ (IL-56)
IL58_score,tudublin,score,IL-58,Points obtenus — Universal Design,1.0,1.0,pts,1,https://reports.aashe.org/institutions/technological-university-dublin-dublin/report/2024-12-02/IL/ (IL-58)
IL58_max,tudublin,max,IL-58,Points possibles — Universal Design,1.0,1.0,pts,1,https://reports.aashe.org/institutions/technological-university-dublin-dublin/report/2024-12-02/IL/ (IL-58)
IL62_score,tudublin,score,IL-62,Points obtenus — Pay Scale Equity,1.0,1.0,pts,1,https://reports.aashe.org/institutions/technological-university-dublin-dublin/report/2024-12-02/IL/ (IL-62)
IL62_max,tudublin,max,IL-62,Points possibles — Pay Scale Equity,1.0,1.0,pts,1,https://reports.aashe.org/institutions/technological-university-dublin-dublin/report/2024-12-02/IL/ (IL-62)
ENV_points,tudublin,pillar,,Points obtenus — pilier Environnement,50.77,50.77,pts,"50,77","calcul : somme de OP-1, OP-10, OP-11, OP-12, OP-13, OP-14, OP-15, OP-2, OP-3, OP-4, OP-5, OP-6, OP-7, OP-8, OP-9 (crédits notés uniquement)"
ENV_max,tudublin,pillar,,Points possibles — pilier Environnement,85.0,85.0,pts,85,"calcul : somme de OP-1, OP-10, OP-11, OP-12, OP-13, OP-14, OP-15, OP-2, OP-3, OP-4, OP-5, OP-6, OP-7, OP-8, OP-9 (crédits notés uniquement)"
ENV_pct,tudublin,pillar,,Part des points obtenus — pilier Environnement,59.7,59.7,%,"59,7 %","calcul : somme de OP-1, OP-10, OP-11, OP-12, OP-13, OP-14, OP-15, OP-2, OP-3, OP-4, OP-5, OP-6, OP-7, OP-8, OP-9 (crédits notés uniquement) ; points obtenus / points possibles × 100"
SOC_points,tudublin,pillar,,Points obtenus — pilier Social,20.4,20.4,pts,"20,40","calcul : somme de PA-10, PA-11, PA-12, PA-13, PA-6, PA-7, PA-8, PA-9 (crédits notés uniquement)"
SOC_max,tudublin,pillar,,Points possibles — pilier Social,25.0,25.0,pts,25,"calcul : somme de PA-10, PA-11, PA-12, PA-13, PA-6, PA-7, PA-8, PA-9 (crédits notés uniquement)"
SOC_pct,tudublin,pillar,,Part des points obtenus — pilier Social,81.6,81.6,%,"81,6 %","calcul : somme de PA-10, PA-11, PA-12, PA-13, PA-6, PA-7, PA-8, PA-9 (crédits notés uniquement) ; points obtenus / points possibles × 100"
GOV_points,tudublin,pillar,,Points obtenus — pilier Gouvernance,10.67,10.67,pts,"10,67","calcul : somme de PA-1, PA-2, PA-3 (crédits notés uniquement)"
GOV_max,tudublin,pillar,,Points possibles — pilier Gouvernance,11.0,11.0,pts,11,"calcul : somme de PA-1, PA-2, PA-3 (crédits notés uniquement)"
GOV_pct,tudublin,pillar,,Part des points obtenus — pilier Gouvernance,97.0,97.0,%,"97,0 %","calcul : somme de PA-1, PA-2, PA-3 (crédits notés uniquement) ; points obtenus / points possibles × 100"
CTX_points,tudublin,pillar,,"Points obtenus — pilier Enseignement, recherche et engagement",107.36,107.36,pts,"107,36","calcul : somme de AC-1, AC-2, AC-3, AC-4, AC-5, AC-6, AC-7, AC-8, EN-1, EN-2, EN-3, EN-4, EN-5, EN-6, EN-7, EN-8, EN-9 (crédits notés uniquement)"
CTX_max,tudublin,pillar,,"Points possibles — pilier Enseignement, recherche et engagement",118.0,118.0,pts,118,"calcul : somme de AC-1, AC-2, AC-3, AC-4, AC-5, AC-6, AC-7, AC-8, EN-1, EN-2, EN-3, EN-4, EN-5, EN-6, EN-7, EN-8, EN-9 (crédits notés uniquement)"
CTX_pct,tudublin,pillar,,"Part des points obtenus — pilier Enseignement, recherche et engagement",91.0,91.0,%,"91,0 %","calcul : somme de AC-1, AC-2, AC-3, AC-4, AC-5, AC-6, AC-7, AC-8, EN-1, EN-2, EN-3, EN-4, EN-5, EN-6, EN-7, EN-8, EN-9 (crédits notés uniquement) ; points obtenus / points possibles × 100"
AC1_t0_0,tudublin,text,AC-1,pourcentage citée dans le texte STARS (AC-1) : « … e-of-the-art models. The sustainability language model developped in > ___ accurate across all SDGs for both long and short … »,88%,88.0,%,88 %,"https://reports.aashe.org/institutions/technological-university-dublin-dublin/report/2024-12-02/AC/curriculum/AC-1/ (texte STARS du crédit AC-1, ligne 1)"
AC1_t0_1,tudublin,text,AC-1,"pourcentage citée dans le texte STARS (AC-1) : « … cant advancement of the sate-of-the-art which had an accuracy of only ___ for short text, and for long text. While the … »",88%,88.0,%,88 %,"https://reports.aashe.org/institutions/technological-university-dublin-dublin/report/2024-12-02/AC/curriculum/AC-1/ (texte STARS du crédit AC-1, ligne 1)"
AC1_t0_2,tudublin,text,AC-1,"pourcentage citée dans le texte STARS (AC-1) : « … sate-of-the-art which had an accuracy of only for short text, and ___ for long text. While the results provided by the … »",76%,76.0,%,76 %,"https://reports.aashe.org/institutions/technological-university-dublin-dublin/report/2024-12-02/AC/curriculum/AC-1/ (texte STARS du crédit AC-1, ligne 1)"
AC5_t2_0,tudublin,text,AC-5,année citée dans le texte STARS (AC-5) : « … elective add on to the general sulitest and was launched in September ___ (Ref ). Also TU Dublin academic staff administer … »,2024,2024.0,année,2024,"https://reports.aashe.org/institutions/technological-university-dublin-dublin/report/2024-12-02/AC/curriculum/AC-5/ (texte STARS du crédit AC-5, ligne 3)"
AC5_t5_0,tudublin,text,AC-5,"année citée dans le texte STARS (AC-5) : « … s is typically administered in the first year of the programme. Since ___, nearly people took the Sulitest. Since … »",2019,2019.0,année,2019,"https://reports.aashe.org/institutions/technological-university-dublin-dublin/report/2024-12-02/AC/curriculum/AC-5/ (texte STARS du crédit AC-5, ligne 6)"
AC5_t5_1,tudublin,text,AC-5,"année citée dans le texte STARS (AC-5) : « … e programme. Since, nearly people took the Sulitest. Since ___, in the last years, about TU Dublin stude … »",2021,2021.0,année,2021,"https://reports.aashe.org/institutions/technological-university-dublin-dublin/report/2024-12-02/AC/curriculum/AC-5/ (texte STARS du crédit AC-5, ligne 6)"
AC5_t5_2,tudublin,text,AC-5,"pourcentage citée dans le texte STARS (AC-5) : « … TE students out a student population of FTE students, which is ___. … »",15.3%,15.3,%,"15,3 %","https://reports.aashe.org/institutions/technological-university-dublin-dublin/report/2024-12-02/AC/curriculum/AC-5/ (texte STARS du crédit AC-5, ligne 6)"
AC6_t0_0,tudublin,text,AC-6,année citée dans le texte STARS (AC-6) : « … ed interrogating documents found since ___. Results have been exported in a CSV format with … »,2018,2018.0,année,2018,"https://reports.aashe.org/institutions/technological-university-dublin-dublin/report/2024-12-02/AC/research/AC-6/ (texte STARS du crédit AC-6, ligne 1)"
AC8_t0_0,tudublin,text,AC-8,"année citée dans le texte STARS (AC-8) : « … isciplinary research is recognised in TU Dublin Performance Agreement ___ -, a fundamental pan-University document appro … »",2024,2024.0,année,2024,"https://reports.aashe.org/institutions/technological-university-dublin-dublin/report/2024-12-02/AC/research/AC-8/ (texte STARS du crédit AC-8, ligne 1)"
AC8_t0_1,tudublin,text,AC-8,"année citée dans le texte STARS (AC-8) : « … linary research is recognised in TU Dublin Performance Agreement - ___, a fundamental pan-University document approved b … »",2028,2028.0,année,2028,"https://reports.aashe.org/institutions/technological-university-dublin-dublin/report/2024-12-02/AC/research/AC-8/ (texte STARS du crédit AC-8, ligne 1)"
AC8_t6_0,tudublin,text,AC-8,"année citée dans le texte STARS (AC-8) : « … ncing Research Assessment (CoARA) Action Plan, published in September ___ (Ref ). By joining CoARA, TU Dublin has formalise … »",2024,2024.0,année,2024,"https://reports.aashe.org/institutions/technological-university-dublin-dublin/report/2024-12-02/AC/research/AC-8/ (texte STARS du crédit AC-8, ligne 7)"
AC8_t8_0,tudublin,text,AC-8,année citée dans le texte STARS (AC-8) : « … mative Agreement Registry (Ref ). TU Dublin is a member of IReL since ___ (Ref; Ref ) and also work with Elsevier on trans … »,2021,2021.0,année,2021,"https://reports.aashe.org/institutions/technological-university-dublin-dublin/report/2024-12-02/AC/research/AC-8/ (texte STARS du crédit AC-8, ligne 9)"
EN3_t7_0,tudublin,text,EN-3,"année citée dans le texte STARS (EN-3) : « … ainability activity every year. As show in in TU Dublin Annual report ___ (Ref ), Walk was a major programme conisting of … »",2022,2022.0,année,2022,"https://reports.aashe.org/institutions/technological-university-dublin-dublin/report/2024-12-02/EN/campus-engagement/EN-3/ (texte STARS du crédit EN-3, ligne 8)"
EN3_t7_1,tudublin,text,EN-3,"année citée dans le texte STARS (EN-3) : « … e commute was conducted and TU Dublin staff responded (Ref ). In ___, the analysis of the survey was fedback to st … »",2023,2023.0,année,2023,"https://reports.aashe.org/institutions/technological-university-dublin-dublin/report/2024-12-02/EN/campus-engagement/EN-3/ (texte STARS du crédit EN-3, ligne 8)"
EN3_t7_2,tudublin,text,EN-3,"année citée dans le texte STARS (EN-3) : « … e analysis of the survey was fedback to staff (Ref ). Also in the ___ to May period, distinct staff went thro … »",2023,2023.0,année,2023,"https://reports.aashe.org/institutions/technological-university-dublin-dublin/report/2024-12-02/EN/campus-engagement/EN-3/ (texte STARS du crédit EN-3, ligne 8)"
EN3_t7_3,tudublin,text,EN-3,"année citée dans le texte STARS (EN-3) : « … f the survey was fedback to staff (Ref ). Also in the to May ___ period, distinct staff went through the Embe … »",2024,2024.0,année,2024,"https://reports.aashe.org/institutions/technological-university-dublin-dublin/report/2024-12-02/EN/campus-engagement/EN-3/ (texte STARS du crédit EN-3, ligne 8)"
EN3_t7_4,tudublin,text,EN-3,année citée dans le texte STARS (EN-3) : « … ugh the Embedding Sustainability Workshops. About participated in ___ and up to May while more workshops were … »,2023,2023.0,année,2023,"https://reports.aashe.org/institutions/technological-university-dublin-dublin/report/2024-12-02/EN/campus-engagement/EN-3/ (texte STARS du crédit EN-3, ligne 8)"
EN3_t7_5,tudublin,text,EN-3,année citée dans le texte STARS (EN-3) : « … inability Workshops. About participated in and up to May ___ while more workshops were carried on after that. … »,2024,2024.0,année,2024,"https://reports.aashe.org/institutions/technological-university-dublin-dublin/report/2024-12-02/EN/campus-engagement/EN-3/ (texte STARS du crédit EN-3, ligne 8)"
EN3_t7_6,tudublin,text,EN-3,année citée dans le texte STARS (EN-3) : « … at. Between Walk and the Survey one estimates the participation of ~ ___ TU Dublin staff over a head count of therefo … »,2000,2000.0,année,2000,"https://reports.aashe.org/institutions/technological-university-dublin-dublin/report/2024-12-02/EN/campus-engagement/EN-3/ (texte STARS du crédit EN-3, ligne 8)"
EN3_t7_7,tudublin,text,EN-3,"pourcentage citée dans le texte STARS (EN-3) : « … therefore leading to a ""Direct tracking of participation"" of about ___.Looking at the travel survey feedback and the par … »",69%,69.0,%,69 %,"https://reports.aashe.org/institutions/technological-university-dublin-dublin/report/2024-12-02/EN/campus-engagement/EN-3/ (texte STARS du crédit EN-3, ligne 8)"
EN3_t7_8,tudublin,text,EN-3,"année citée dans le texte STARS (EN-3) : « … ack and the participants of the Embedding Sustainability Workshops in ___ events, one can already count about + = … »",2023,2023.0,année,2023,"https://reports.aashe.org/institutions/technological-university-dublin-dublin/report/2024-12-02/EN/campus-engagement/EN-3/ (texte STARS du crédit EN-3, ligne 8)"
EN3_t7_9,tudublin,text,EN-3,pourcentage citée dans le texte STARS (EN-3) : « … . Of those there are individuals/unique participants - that means ___ of participants repeat across groups. From the nu … »,25%,25.0,%,25 %,"https://reports.aashe.org/institutions/technological-university-dublin-dublin/report/2024-12-02/EN/campus-engagement/EN-3/ (texte STARS du crédit EN-3, ligne 8)"
EN3_t7_10,tudublin,text,EN-3,"pourcentage citée dans le texte STARS (EN-3) : « … he number of staff we reported per event we therefore considered that ___ of those would repeat in other events - meaning, … »",25%,25.0,%,25 %,"https://reports.aashe.org/institutions/technological-university-dublin-dublin/report/2024-12-02/EN/campus-engagement/EN-3/ (texte STARS du crédit EN-3, ligne 8)"
EN3_t7_11,tudublin,text,EN-3,pourcentage citée dans le texte STARS (EN-3) : « … then added the number of unique members in groups and also considered ___ overlap between members of group and participants … »,25%,25.0,%,25 %,"https://reports.aashe.org/institutions/technological-university-dublin-dublin/report/2024-12-02/EN/campus-engagement/EN-3/ (texte STARS du crédit EN-3, ligne 8)"
EN3_t7_12,tudublin,text,EN-3,année citée dans le texte STARS (EN-3) : « … extracted the number of staff that participated to large events in ___ (including those mentioned above) out of to … »,2023,2023.0,année,2023,"https://reports.aashe.org/institutions/technological-university-dublin-dublin/report/2024-12-02/EN/campus-engagement/EN-3/ (texte STARS du crédit EN-3, ligne 8)"
EN3_t7_13,tudublin,text,EN-3,"pourcentage citée dans le texte STARS (EN-3) : « … ited data sources"" ended up to TU Dublin staff out of, i.e. ___ participation. The same was done for events in … »",58%,58.0,%,58 %,"https://reports.aashe.org/institutions/technological-university-dublin-dublin/report/2024-12-02/EN/campus-engagement/EN-3/ (texte STARS du crédit EN-3, ligne 8)"
EN3_t7_14,tudublin,text,EN-3,"année citée dans le texte STARS (EN-3) : « … out of, i.e. participation. The same was done for events in ___, which resulted in TU Dublin staff represent … »",2024,2024.0,année,2024,"https://reports.aashe.org/institutions/technological-university-dublin-dublin/report/2024-12-02/EN/campus-engagement/EN-3/ (texte STARS du crédit EN-3, ligne 8)"
EN3_t7_15,tudublin,text,EN-3,"pourcentage citée dans le texte STARS (EN-3) : « … events in, which resulted in TU Dublin staff representing ~ ___ participation up to October. Comparing with … »",55%,55.0,%,55 %,"https://reports.aashe.org/institutions/technological-university-dublin-dublin/report/2024-12-02/EN/campus-engagement/EN-3/ (texte STARS du crédit EN-3, ligne 8)"
EN3_t7_16,tudublin,text,EN-3,"année citée dans le texte STARS (EN-3) : « … in TU Dublin staff representing ~ participation up to October ___. Comparing with the ""Direct tracking of participa … »",2024,2024.0,année,2024,"https://reports.aashe.org/institutions/technological-university-dublin-dublin/report/2024-12-02/EN/campus-engagement/EN-3/ (texte STARS du crédit EN-3, ligne 8)"
EN3_t7_17,tudublin,text,EN-3,"année citée dans le texte STARS (EN-3) : « … ng with the ""Direct tracking of participation"" ocalculation method of ___ which yielded participation, one can easily c … »",2022,2022.0,année,2022,"https://reports.aashe.org/institutions/technological-university-dublin-dublin/report/2024-12-02/EN/campus-engagement/EN-3/ (texte STARS du crédit EN-3, ligne 8)"
EN3_t7_18,tudublin,text,EN-3,"pourcentage citée dans le texte STARS (EN-3) : « … tracking of participation"" ocalculation method of which yielded ___ participation, one can easily conceive that an ad … »",69%,69.0,%,69 %,"https://reports.aashe.org/institutions/technological-university-dublin-dublin/report/2024-12-02/EN/campus-engagement/EN-3/ (texte STARS du crédit EN-3, ligne 8)"
EN3_t7_19,tudublin,text,EN-3,"pourcentage citée dans le texte STARS (EN-3) : « … h yielded participation, one can easily conceive that an addition ___ participation would be achieved from counting sta … »",10%,10.0,%,10 %,"https://reports.aashe.org/institutions/technological-university-dublin-dublin/report/2024-12-02/EN/campus-engagement/EN-3/ (texte STARS du crédit EN-3, ligne 8)"
EN3_t7_20,tudublin,text,EN-3,année citée dans le texte STARS (EN-3) : « … ld be achieved from counting staff participation in smaller events in ___ and. … »,2023,2023.0,année,2023,"https://reports.aashe.org/institutions/technological-university-dublin-dublin/report/2024-12-02/EN/campus-engagement/EN-3/ (texte STARS du crédit EN-3, ligne 8)"
EN3_t7_21,tudublin,text,EN-3,année citée dans le texte STARS (EN-3) : « … ieved from counting staff participation in smaller events in and ___. … »,2024,2024.0,année,2024,"https://reports.aashe.org/institutions/technological-university-dublin-dublin/report/2024-12-02/EN/campus-engagement/EN-3/ (texte STARS du crédit EN-3, ligne 8)"
EN3_t8_0,tudublin,text,EN-3,"pourcentage citée dans le texte STARS (EN-3) : « … In conclusion, we are confident the participation rate is between ___ and. … »",50%,50.0,%,50 %,"https://reports.aashe.org/institutions/technological-university-dublin-dublin/report/2024-12-02/EN/campus-engagement/EN-3/ (texte STARS du crédit EN-3, ligne 9)"
EN3_t8_1,tudublin,text,EN-3,"pourcentage citée dans le texte STARS (EN-3) : « … onclusion, we are confident the participation rate is between and ___. … »",100%,100.0,%,100 %,"https://reports.aashe.org/institutions/technological-university-dublin-dublin/report/2024-12-02/EN/campus-engagement/EN-3/ (texte STARS du crédit EN-3, ligne 9)"
EN4_t0_0,tudublin,text,EN-4,année citée dans le texte STARS (EN-4) : « … ess has been delivered to our incoming cohort of new students in both ___ and. In the survey was completed by … »,2023,2023.0,année,2023,"https://reports.aashe.org/institutions/technological-university-dublin-dublin/report/2024-12-02/EN/campus-engagement/EN-4/ (texte STARS du crédit EN-4, ligne 1)"
EN4_t0_1,tudublin,text,EN-4,année citée dans le texte STARS (EN-4) : « … een delivered to our incoming cohort of new students in both and ___. In the survey was completed by student … »,2024,2024.0,année,2024,"https://reports.aashe.org/institutions/technological-university-dublin-dublin/report/2024-12-02/EN/campus-engagement/EN-4/ (texte STARS du crédit EN-4, ligne 1)"
EN4_t0_2,tudublin,text,EN-4,année citée dans le texte STARS (EN-4) : « … ered to our incoming cohort of new students in both ___ and. In the survey was completed by students (a … »,2023,2023.0,année,2023,"https://reports.aashe.org/institutions/technological-university-dublin-dublin/report/2024-12-02/EN/campus-engagement/EN-4/ (texte STARS du crédit EN-4, ligne 1)"
EN4_t0_3,tudublin,text,EN-4,"pourcentage citée dans le texte STARS (EN-4) : « … h and. In the survey was completed by students (a ___ response rate). In, the survey was responded … »",45%,45.0,%,45 %,"https://reports.aashe.org/institutions/technological-university-dublin-dublin/report/2024-12-02/EN/campus-engagement/EN-4/ (texte STARS du crédit EN-4, ligne 1)"
EN4_t0_4,tudublin,text,EN-4,"année citée dans le texte STARS (EN-4) : « … the survey was completed by students (a response rate). In ___, the survey was responded to by students ( … »",2024,2024.0,année,2024,"https://reports.aashe.org/institutions/technological-university-dublin-dublin/report/2024-12-02/EN/campus-engagement/EN-4/ (texte STARS du crédit EN-4, ligne 1)"
EN4_t0_5,tudublin,text,EN-4,"pourcentage citée dans le texte STARS (EN-4) : « … esponse rate). In, the survey was responded to by students ( ___ response rate). … »",57%,57.0,%,57 %,"https://reports.aashe.org/institutions/technological-university-dublin-dublin/report/2024-12-02/EN/campus-engagement/EN-4/ (texte STARS du crédit EN-4, ligne 1)"
EN4_t2_0,tudublin,text,EN-4,"pourcentage citée dans le texte STARS (EN-4) : « … Awareness of the SDGs was surprisingly low, with only ___ and saying that they knew a lit … »",33%,33.0,%,33 %,"https://reports.aashe.org/institutions/technological-university-dublin-dublin/report/2024-12-02/EN/campus-engagement/EN-4/ (texte STARS du crédit EN-4, ligne 3)"
EN4_t2_1,tudublin,text,EN-4,"année citée dans le texte STARS (EN-4) : « … Awareness of the SDGs was surprisingly low, with only ( ___ ) and saying that they knew a little bi … »",2023,2023.0,année,2023,"https://reports.aashe.org/institutions/technological-university-dublin-dublin/report/2024-12-02/EN/campus-engagement/EN-4/ (texte STARS du crédit EN-4, ligne 3)"
EN4_t2_2,tudublin,text,EN-4,"pourcentage citée dans le texte STARS (EN-4) : « … Awareness of the SDGs was surprisingly low, with only and ___ saying that they knew a little bit or more … »",27%,27.0,%,27 %,"https://reports.aashe.org/institutions/technological-university-dublin-dublin/report/2024-12-02/EN/campus-engagement/EN-4/ (texte STARS du crédit EN-4, ligne 3)"
EN4_t2_3,tudublin,text,EN-4,"année citée dans le texte STARS (EN-4) : « … eness of the SDGs was surprisingly low, with only and ( ___ ) saying that they knew a little bit or more about … »",2024,2024.0,année,2024,"https://reports.aashe.org/institutions/technological-university-dublin-dublin/report/2024-12-02/EN/campus-engagement/EN-4/ (texte STARS du crédit EN-4, ligne 3)"
EN4_t3_0,tudublin,text,EN-4,pourcentage citée dans le texte STARS (EN-4) : « … popular response was through “relevant TU Dublin clubs & societies” ( ___ both years). The next most popular options were c … »,21%,21.0,%,21 %,"https://reports.aashe.org/institutions/technological-university-dublin-dublin/report/2024-12-02/EN/campus-engagement/EN-4/ (texte STARS du crédit EN-4, ligne 4)"
EN4_t3_1,tudublin,text,EN-4,"pourcentage citée dans le texte STARS (EN-4) : « … next most popular options were closely ranked, all being ranked by - ___ of students in both years: “Work with classmates … »",14%,14.0,%,14 %,"https://reports.aashe.org/institutions/technological-university-dublin-dublin/report/2024-12-02/EN/campus-engagement/EN-4/ (texte STARS du crédit EN-4, ligne 4)"
EN4_t4_0,tudublin,text,EN-4,pourcentage citée dans le texte STARS (EN-4) : « … s with poor labour laws & rights; eating more plant-based foods)” ( - ___ ) and “Participated in actions related to social/e … »,26%,26.0,%,26 %,"https://reports.aashe.org/institutions/technological-university-dublin-dublin/report/2024-12-02/EN/campus-engagement/EN-4/ (texte STARS du crédit EN-4, ligne 5)"
EN4_t4_1,tudublin,text,EN-4,pourcentage citée dans le texte STARS (EN-4) : « … related to social/environmental issues organised by your school” ( - ___ ) … »,22%,22.0,%,22 %,"https://reports.aashe.org/institutions/technological-university-dublin-dublin/report/2024-12-02/EN/campus-engagement/EN-4/ (texte STARS du crédit EN-4, ligne 5)"
EN4_t7_0,tudublin,text,EN-4,pourcentage citée dans le texte STARS (EN-4) : « … sions are delivered to new students (Ref ) which represent all ( ___ ) new students. As part of their orientation over … »,100%,100.0,%,100 %,"https://reports.aashe.org/institutions/technological-university-dublin-dublin/report/2024-12-02/EN/campus-engagement/EN-4/ (texte STARS du crédit EN-4, ligne 8)"
EN5_t2_0,tudublin,text,EN-5,"année citée dans le texte STARS (EN-5) : « … In the academic year ___ -, about students engaged in community ac … »",2023,2023.0,année,2023,"https://reports.aashe.org/institutions/technological-university-dublin-dublin/report/2024-12-02/EN/public-engagement/EN-5/ (texte STARS du crédit EN-5, ligne 3)"
EN5_t2_1,tudublin,text,EN-5,"année citée dans le texte STARS (EN-5) : « … In the academic year - ___, about students engaged in community activit … »",2024,2024.0,année,2024,"https://reports.aashe.org/institutions/technological-university-dublin-dublin/report/2024-12-02/EN/public-engagement/EN-5/ (texte STARS du crédit EN-5, ligne 3)"
EN5_t2_2,tudublin,text,EN-5,"pourcentage citée dans le texte STARS (EN-5) : « … E students out a student population of FTE students, which is ~ ___ the student population. … »",9%,9.0,%,9 %,"https://reports.aashe.org/institutions/technological-university-dublin-dublin/report/2024-12-02/EN/public-engagement/EN-5/ (texte STARS du crédit EN-5, ligne 3)"
EN5_t10_0,tudublin,text,EN-5,"année citée dans le texte STARS (EN-5) : « … - Lorraine was a speaker at the launch of the ""Climate Neutral Dublin ___ "" Climate Action Plan (CAP); (Ref )- One of Lorrai … »",2030,2030.0,année,2030,"https://reports.aashe.org/institutions/technological-university-dublin-dublin/report/2024-12-02/EN/public-engagement/EN-5/ (texte STARS du crédit EN-5, ligne 11)"
EN5_t11_0,tudublin,text,EN-5,année citée dans le texte STARS (EN-5) : « … lemented as a rapid-build and temporary intervention in the summer of ___ as part of Dún Laoghaire-Rathdown County Council' … »,2020,2020.0,année,2020,"https://reports.aashe.org/institutions/technological-university-dublin-dublin/report/2024-12-02/EN/public-engagement/EN-5/ (texte STARS du crédit EN-5, ligne 12)"
EN5_t14_0,tudublin,text,EN-5,année citée dans le texte STARS (EN-5) : « … y. A National Sustainability Mobility Forum has been organised in May ___ with TU Dublin speakers Jordana Corrigan and Davi … »,2024,2024.0,année,2024,"https://reports.aashe.org/institutions/technological-university-dublin-dublin/report/2024-12-02/EN/public-engagement/EN-5/ (texte STARS du crédit EN-5, ligne 15)"
EN5_t14_1,tudublin,text,EN-5,"année citée dans le texte STARS (EN-5) : « … ct TU Dublin STARS coordinator to request evidence files ""EN _NSMF ___ Event Report_.docs"" and ""EN _Departmen … »",2024,2024.0,année,2024,"https://reports.aashe.org/institutions/technological-university-dublin-dublin/report/2024-12-02/EN/public-engagement/EN-5/ (texte STARS du crédit EN-5, ligne 15)"
EN5_t17_0,tudublin,text,EN-5,année citée dans le texte STARS (EN-5) : « … y. A National Sustainability Mobility Forum has been organised in May ___ with TU Dublin speakers Jordana Corrigan and Davi … »,2024,2024.0,année,2024,"https://reports.aashe.org/institutions/technological-university-dublin-dublin/report/2024-12-02/EN/public-engagement/EN-5/ (texte STARS du crédit EN-5, ligne 18)"
EN5_t17_1,tudublin,text,EN-5,"année citée dans le texte STARS (EN-5) : « … ct TU Dublin STARS coordinator to request evidence files ""EN _NSMF ___ Event Report_.docs"" and ""EN _Departmen … »",2024,2024.0,année,2024,"https://reports.aashe.org/institutions/technological-university-dublin-dublin/report/2024-12-02/EN/public-engagement/EN-5/ (texte STARS du crédit EN-5, ligne 18)"
EN9_t13_0,tudublin,text,EN-9,"année citée dans le texte STARS (EN-9) : « … body the Royal Institute of Architects of Ireland, as Vice President ___ - and subsequently as a member of the Educatio … »",2020,2020.0,année,2020,"https://reports.aashe.org/institutions/technological-university-dublin-dublin/report/2024-12-02/EN/public-engagement/EN-9/ (texte STARS du crédit EN-9, ligne 14)"
EN9_t13_1,tudublin,text,EN-9,"année citée dans le texte STARS (EN-9) : « … the Royal Institute of Architects of Ireland, as Vice President - ___ and subsequently as a member of the Education Tas … »",2022,2022.0,année,2022,"https://reports.aashe.org/institutions/technological-university-dublin-dublin/report/2024-12-02/EN/public-engagement/EN-9/ (texte STARS du crédit EN-9, ligne 14)"
EN9_t15_0,tudublin,text,EN-9,"année citée dans le texte STARS (EN-9) : « … Design Studio Pilots, Ref - Second Building Change Student Symposium ___, Ref - “Constructive Interference” by Building Ch … »",2024,2024.0,année,2024,"https://reports.aashe.org/institutions/technological-university-dublin-dublin/report/2024-12-02/EN/public-engagement/EN-9/ (texte STARS du crédit EN-9, ligne 16)"
OP1_t2_0,tudublin,text,OP-1,année citée dans le texte STARS (OP-1) : « … New building built in ___ excluded from the total to be consistent with GHG … »,2024,2024.0,année,2024,"https://reports.aashe.org/institutions/technological-university-dublin-dublin/report/2024-12-02/OP/buildings-grounds/OP-1/ (texte STARS du crédit OP-1, ligne 3)"
OP1_t3_0,tudublin,text,OP-1,"année citée dans le texte STARS (OP-1) : « … Tallagh North, ___, NZEB (BER A +), m … »",2024,2024.0,année,2024,"https://reports.aashe.org/institutions/technological-university-dublin-dublin/report/2024-12-02/OP/buildings-grounds/OP-1/ (texte STARS du crédit OP-1, ligne 4)"
OP1_t4_0,tudublin,text,OP-1,année citée dans le texte STARS (OP-1) : « … New buildings ( ___ - ) that are NZEB - TOTAL BELOW IS M: … »,2019,2019.0,année,2019,"https://reports.aashe.org/institutions/technological-university-dublin-dublin/report/2024-12-02/OP/buildings-grounds/OP-1/ (texte STARS du crédit OP-1, ligne 5)"
OP1_t4_1,tudublin,text,OP-1,année citée dans le texte STARS (OP-1) : « … New buildings ( - ___ ) that are NZEB - TOTAL BELOW IS M: … »,2023,2023.0,année,2023,"https://reports.aashe.org/institutions/technological-university-dublin-dublin/report/2024-12-02/OP/buildings-grounds/OP-1/ (texte STARS du crédit OP-1, ligne 5)"
OP1_t5_0,tudublin,text,OP-1,"année citée dans le texte STARS (OP-1) : « … Printmaking Workshop, ___, NZEB (BER A ) m Tallaght Sports, Science & He … »",2021,2021.0,année,2021,"https://reports.aashe.org/institutions/technological-university-dublin-dublin/report/2024-12-02/OP/buildings-grounds/OP-1/ (texte STARS du crédit OP-1, ligne 6)"
OP1_t5_1,tudublin,text,OP-1,"année citée dans le texte STARS (OP-1) : « … Workshop,, NZEB (BER A ) m Tallaght Sports, Science & Health, ___, (BER A ), m … »",2023,2023.0,année,2023,"https://reports.aashe.org/institutions/technological-university-dublin-dublin/report/2024-12-02/OP/buildings-grounds/OP-1/ (texte STARS du crédit OP-1, ligne 6)"
OP1_t6_0,tudublin,text,OP-1,année citée dans le texte STARS (OP-1) : « … New buildings ( ___ - ) that are Not NZEB -TOTAL BELOW IS M … »,2019,2019.0,année,2019,"https://reports.aashe.org/institutions/technological-university-dublin-dublin/report/2024-12-02/OP/buildings-grounds/OP-1/ (texte STARS du crédit OP-1, ligne 7)"
OP1_t6_1,tudublin,text,OP-1,année citée dans le texte STARS (OP-1) : « … New buildings ( - ___ ) that are Not NZEB -TOTAL BELOW IS M: … »,2023,2023.0,année,2023,"https://reports.aashe.org/institutions/technological-university-dublin-dublin/report/2024-12-02/OP/buildings-grounds/OP-1/ (texte STARS du crédit OP-1, ligne 7)"
OP1_t7_0,tudublin,text,OP-1,"année citée dans le texte STARS (OP-1) : « … Estates Yard & Store, ___, (No BER), m … »",2021,2021.0,année,2021,"https://reports.aashe.org/institutions/technological-university-dublin-dublin/report/2024-12-02/OP/buildings-grounds/OP-1/ (texte STARS du crédit OP-1, ligne 8)"
OP1_t8_0,tudublin,text,OP-1,"année citée dans le texte STARS (OP-1) : « … Field Sports Changing & Estates, ___, (No BER), m … »",2021,2021.0,année,2021,"https://reports.aashe.org/institutions/technological-university-dublin-dublin/report/2024-12-02/OP/buildings-grounds/OP-1/ (texte STARS du crédit OP-1, ligne 9)"
OP1_t9_0,tudublin,text,OP-1,année citée dans le texte STARS (OP-1) : « … Existing building that were refurbished within ( ___ - ) Not to NZEB - TOTAL BELOW IS M: … »,2019,2019.0,année,2019,"https://reports.aashe.org/institutions/technological-university-dublin-dublin/report/2024-12-02/OP/buildings-grounds/OP-1/ (texte STARS du crédit OP-1, ligne 10)"
OP1_t9_1,tudublin,text,OP-1,année citée dans le texte STARS (OP-1) : « … Existing building that were refurbished within ( - ___ ) Not to NZEB - TOTAL BELOW IS M: … »,2023,2023.0,année,2023,"https://reports.aashe.org/institutions/technological-university-dublin-dublin/report/2024-12-02/OP/buildings-grounds/OP-1/ (texte STARS du crédit OP-1, ligne 10)"
OP2_t1_0,tudublin,text,OP-2,année citée dans le texte STARS (OP-2) : « … Existing buildings built from ___ to with a Building Energy Rating (BER) A or … »,2019,2019.0,année,2019,"https://reports.aashe.org/institutions/technological-university-dublin-dublin/report/2024-12-02/OP/buildings-grounds/OP-2/ (texte STARS du crédit OP-2, ligne 2)"
OP2_t1_1,tudublin,text,OP-2,"année citée dans le texte STARS (OP-2) : « … Existing buildings built from to ___ with a Building Energy Rating (BER) A or better, … »",2024,2024.0,année,2024,"https://reports.aashe.org/institutions/technological-university-dublin-dublin/report/2024-12-02/OP/buildings-grounds/OP-2/ (texte STARS du crédit OP-2, ligne 2)"
OP2_t1_2,tudublin,text,OP-2,"année citée dans le texte STARS (OP-2) : « … nsidered NZEB, are listed below - TOTAL BELOW M:Tallagh North, ___, NZEB (BER A +), m Aras Geal,, NZEB (BE … »",2024,2024.0,année,2024,"https://reports.aashe.org/institutions/technological-university-dublin-dublin/report/2024-12-02/OP/buildings-grounds/OP-2/ (texte STARS du crédit OP-2, ligne 2)"
OP2_t1_3,tudublin,text,OP-2,"année citée dans le texte STARS (OP-2) : « … BELOW M:Tallagh North, ___, NZEB (BER A +), m Aras Geal,, NZEB (BER A +), m Printmaking Workshop, … »",2024,2024.0,année,2024,"https://reports.aashe.org/institutions/technological-university-dublin-dublin/report/2024-12-02/OP/buildings-grounds/OP-2/ (texte STARS du crédit OP-2, ligne 2)"
OP2_t1_4,tudublin,text,OP-2,"année citée dans le texte STARS (OP-2) : « … m Aras Geal,, NZEB (BER A +), m Printmaking Workshop, ___, NZEB (BER A ) m … »",2021,2021.0,année,2021,"https://reports.aashe.org/institutions/technological-university-dublin-dublin/report/2024-12-02/OP/buildings-grounds/OP-2/ (texte STARS du crédit OP-2, ligne 2)"
OP6_t0_0,tudublin,text,OP-6,année citée dans le texte STARS (OP-6) : « … ___ - Period when electricity and gas data start t … »,2016,2016.0,année,2016,"https://reports.aashe.org/institutions/technological-university-dublin-dublin/report/2024-12-02/OP/energy-climate/OP-6/ (texte STARS du crédit OP-6, ligne 1)"
OP6_t0_1,tudublin,text,OP-6,année citée dans le texte STARS (OP-6) : « … - ___ Period when electricity and gas data start to be … »,2018,2018.0,année,2018,"https://reports.aashe.org/institutions/technological-university-dublin-dublin/report/2024-12-02/OP/energy-climate/OP-6/ (texte STARS du crédit OP-6, ligne 1)"
OP7_t0_0,tudublin,text,OP-7,pourcentage citée dans le texte STARS (OP-7) : « … e the % of expenditure on certified/verified products. The result is ___. The same analysis has been conducted only on Foo … »,16.7%,16.7,%,"16,7 %","https://reports.aashe.org/institutions/technological-university-dublin-dublin/report/2024-12-02/OP/food-dining/OP-7/ (texte STARS du crédit OP-7, ligne 1)"
OP7_t0_1,tudublin,text,OP-7,pourcentage citée dans le texte STARS (OP-7) : « … has been conducted only on Food and Beverages only and the result is ___. … »,18.7%,18.7,%,"18,7 %","https://reports.aashe.org/institutions/technological-university-dublin-dublin/report/2024-12-02/OP/food-dining/OP-7/ (texte STARS du crédit OP-7, ligne 1)"
OP7_t1_0,tudublin,text,OP-7,pourcentage citée dans le texte STARS (OP-7) : « … ate the % of expenditure on Plant-Based foods products. The result is ___. … »,56.95%,56.95,%,"56,95 %","https://reports.aashe.org/institutions/technological-university-dublin-dublin/report/2024-12-02/OP/food-dining/OP-7/ (texte STARS du crédit OP-7, ligne 2)"
OP8_t5_0,tudublin,text,OP-8,année citée dans le texte STARS (OP-8) : « … was successful in its application for SATLE funding in Semester for ___ /. The aim of the project is to build capacity … »,2023,2023.0,année,2023,"https://reports.aashe.org/institutions/technological-university-dublin-dublin/report/2024-12-02/OP/food-dining/OP-8/ (texte STARS du crédit OP-8, ligne 6)"
OP8_t5_1,tudublin,text,OP-8,année citée dans le texte STARS (OP-8) : « … uccessful in its application for SATLE funding in Semester for / ___. The aim of the project is to build capacity at a … »,2024,2024.0,année,2024,"https://reports.aashe.org/institutions/technological-university-dublin-dublin/report/2024-12-02/OP/food-dining/OP-8/ (texte STARS du crédit OP-8, ligne 6)"
OP10_t1_0,tudublin,text,OP-10,année citée dans le texte STARS (OP-10) : « … SCOTT JUMBO T/T WH PLY X - NO LIP - NO INV TILL / / ___ FSC … »,2022,2022.0,année,2022,"https://reports.aashe.org/institutions/technological-university-dublin-dublin/report/2024-12-02/OP/procurement-waste/OP-10/ (texte STARS du crédit OP-10, ligne 2)"
OP13_t0_0,tudublin,text,OP-13,année citée dans le texte STARS (OP-13) : « … on page of the Climate Action Roadmap (Climate-Action-Roadmap-June- ___ -web.pdf) where it reads: “Procurement and Fleet T … »,2024,2024.0,année,2024,"https://reports.aashe.org/institutions/technological-university-dublin-dublin/report/2024-12-02/OP/transportation/OP-13/ (texte STARS du crédit OP-13, ligne 1)"
OP13_t0_1,tudublin,text,OP-13,année citée dans le texte STARS (OP-13) : « … -web.pdf) where it reads: “Procurement and Fleet Transition - SI / ___ Clean Vehicles Directive - TU Dublin's diesel … »,2021,2021.0,année,2021,"https://reports.aashe.org/institutions/technological-university-dublin-dublin/report/2024-12-02/OP/transportation/OP-13/ (texte STARS du crédit OP-13, ligne 1)"
OP13_t0_2,tudublin,text,OP-13,"année citée dans le texte STARS (OP-13) : « … time of the last report have been replaced with electric vehicles. In ___, a diesel van was purchased for use in research. … »",2023,2023.0,année,2023,"https://reports.aashe.org/institutions/technological-university-dublin-dublin/report/2024-12-02/OP/transportation/OP-13/ (texte STARS du crédit OP-13, ligne 1)"
PA2_t0_0,tudublin,text,PA-2,année citée dans le texte STARS (PA-2) : « … . TU Dublin Strategic Plan ___ – (Ref ) include clear measurable sustainab … »,2024,2024.0,année,2024,"https://reports.aashe.org/institutions/technological-university-dublin-dublin/report/2024-12-02/PA/coordination-planning/PA-2/ (texte STARS du crédit PA-2, ligne 1)"
PA2_t0_1,tudublin,text,PA-2,année citée dans le texte STARS (PA-2) : « … . TU Dublin Strategic Plan – ___ (Ref ) include clear measurable sustainability o … »,2028,2028.0,année,2028,"https://reports.aashe.org/institutions/technological-university-dublin-dublin/report/2024-12-02/PA/coordination-planning/PA-2/ (texte STARS du crédit PA-2, ligne 1)"
PA2_t0_2,tudublin,text,PA-2,"pourcentage citée dans le texte STARS (PA-2) : « … and the lead is Rosie Webb. In page, our campus related targets are ___ reduction in GHG emissions by, and incre … »",46.5%,46.5,%,"46,5 %","https://reports.aashe.org/institutions/technological-university-dublin-dublin/report/2024-12-02/PA/coordination-planning/PA-2/ (texte STARS du crédit PA-2, ligne 1)"
PA2_t0_3,tudublin,text,PA-2,"année citée dans le texte STARS (PA-2) : « … , our campus related targets are reduction in GHG emissions by ___, and increase in energy efficiency by. T … »",2028,2028.0,année,2028,"https://reports.aashe.org/institutions/technological-university-dublin-dublin/report/2024-12-02/PA/coordination-planning/PA-2/ (texte STARS du crédit PA-2, ligne 1)"
PA2_t0_4,tudublin,text,PA-2,"pourcentage citée dans le texte STARS (PA-2) : « … pus related targets are reduction in GHG emissions by, and ___ increase in energy efficiency by. These targ … »",45%,45.0,%,45 %,"https://reports.aashe.org/institutions/technological-university-dublin-dublin/report/2024-12-02/PA/coordination-planning/PA-2/ (texte STARS du crédit PA-2, ligne 1)"
PA2_t0_5,tudublin,text,PA-2,"année citée dans le texte STARS (PA-2) : « … on in GHG emissions by ___, and increase in energy efficiency by. These targets are in line with the Climate Actio … »",2028,2028.0,année,2028,"https://reports.aashe.org/institutions/technological-university-dublin-dublin/report/2024-12-02/PA/coordination-planning/PA-2/ (texte STARS du crédit PA-2, ligne 1)"
PA2_t0_6,tudublin,text,PA-2,année citée dans le texte STARS (PA-2) : « … iency by. These targets are in line with the Climate Action Plan ___ (CAP ) whereby the public sector must lead by ex … »,2021,2021.0,année,2021,"https://reports.aashe.org/institutions/technological-university-dublin-dublin/report/2024-12-02/PA/coordination-planning/PA-2/ (texte STARS du crédit PA-2, ligne 1)"
PA2_t0_7,tudublin,text,PA-2,pourcentage citée dans le texte STARS (PA-2) : « … to reach the target of reducing Ireland's greenhouse gas emissions by ___ by and becoming climate neutral no later tha … »,51%,51.0,%,51 %,"https://reports.aashe.org/institutions/technological-university-dublin-dublin/report/2024-12-02/PA/coordination-planning/PA-2/ (texte STARS du crédit PA-2, ligne 1)"
PA2_t0_8,tudublin,text,PA-2,année citée dans le texte STARS (PA-2) : « … h the target of reducing Ireland's greenhouse gas emissions by by ___ and becoming climate neutral no later than. … »,2030,2030.0,année,2030,"https://reports.aashe.org/institutions/technological-university-dublin-dublin/report/2024-12-02/PA/coordination-planning/PA-2/ (texte STARS du crédit PA-2, ligne 1)"
PA2_t0_9,tudublin,text,PA-2,année citée dans le texte STARS (PA-2) : « … s emissions by by and becoming climate neutral no later than ___. (Ref ) … »,2050,2050.0,année,2050,"https://reports.aashe.org/institutions/technological-university-dublin-dublin/report/2024-12-02/PA/coordination-planning/PA-2/ (texte STARS du crédit PA-2, ligne 1)"
PA2_t1_0,tudublin,text,PA-2,année citée dans le texte STARS (PA-2) : « … TU Dublin Strategic Plan ___ – (Ref ) includes a KPI on the “Successful … »,2024,2024.0,année,2024,"https://reports.aashe.org/institutions/technological-university-dublin-dublin/report/2024-12-02/PA/coordination-planning/PA-2/ (texte STARS du crédit PA-2, ligne 2)"
PA2_t1_1,tudublin,text,PA-2,année citée dans le texte STARS (PA-2) : « … TU Dublin Strategic Plan – ___ (Ref ) includes a KPI on the “Successful deliver … »,2028,2028.0,année,2028,"https://reports.aashe.org/institutions/technological-university-dublin-dublin/report/2024-12-02/PA/coordination-planning/PA-2/ (texte STARS du crédit PA-2, ligne 2)"
PA2_t1_2,tudublin,text,PA-2,"pourcentage citée dans le texte STARS (PA-2) : « … nclude targets such as, on Page, achieving gender balance (at least ___ female and male) at all senior decision makin … »",40%,40.0,%,40 %,"https://reports.aashe.org/institutions/technological-university-dublin-dublin/report/2024-12-02/PA/coordination-planning/PA-2/ (texte STARS du crédit PA-2, ligne 2)"
PA2_t1_3,tudublin,text,PA-2,"pourcentage citée dans le texte STARS (PA-2) : « … such as, on Page, achieving gender balance (at least ___ female and male) at all senior decision making levels, and w … »",40%,40.0,%,40 %,"https://reports.aashe.org/institutions/technological-university-dublin-dublin/report/2024-12-02/PA/coordination-planning/PA-2/ (texte STARS du crédit PA-2, ligne 2)"
PA2_t5_0,tudublin,text,PA-2,"année citée dans le texte STARS (PA-2) : « … weather events, “Cabra has been badly flooded in the past; floods in ___ and were particularly damaging.” SECs educat … »",2008,2008.0,année,2008,"https://reports.aashe.org/institutions/technological-university-dublin-dublin/report/2024-12-02/PA/coordination-planning/PA-2/ (texte STARS du crédit PA-2, ligne 6)"
PA2_t5_1,tudublin,text,PA-2,"année citée dans le texte STARS (PA-2) : « … events, “Cabra has been badly flooded in the past; floods in and ___ were particularly damaging.” SECs educate communi … »",2011,2011.0,année,2011,"https://reports.aashe.org/institutions/technological-university-dublin-dublin/report/2024-12-02/PA/coordination-planning/PA-2/ (texte STARS du crédit PA-2, ligne 6)"
PA3_t0_0,tudublin,text,PA-3,année citée dans le texte STARS (PA-3) : « … The Technological Universities Act ___ specifies the mandatory requirement of student re … »,2018,2018.0,année,2018,"https://reports.aashe.org/institutions/technological-university-dublin-dublin/report/2024-12-02/PA/coordination-planning/PA-3/ (texte STARS du crédit PA-3, ligne 1)"
PA3_t1_0,tudublin,text,PA-3,"année citée dans le texte STARS (PA-3) : « … As of Feb ___, O'Toole, Shauna (SU President), Aguele, Princewi … »",2025,2025.0,année,2025,"https://reports.aashe.org/institutions/technological-university-dublin-dublin/report/2024-12-02/PA/coordination-planning/PA-3/ (texte STARS du crédit PA-3, ligne 2)"
PA3_t2_0,tudublin,text,PA-3,année citée dans le texte STARS (PA-3) : « … The Technological Universities Act ___ specifies the mandatory requirement of student re … »,2018,2018.0,année,2018,"https://reports.aashe.org/institutions/technological-university-dublin-dublin/report/2024-12-02/PA/coordination-planning/PA-3/ (texte STARS du crédit PA-3, ligne 3)"
PA3_t3_0,tudublin,text,PA-3,"année citée dans le texte STARS (PA-3) : « … .e. professional services) staff member (legislated within the TU Act ___ ). As of Feb, non-academic and academic st … »",2018,2018.0,année,2018,"https://reports.aashe.org/institutions/technological-university-dublin-dublin/report/2024-12-02/PA/coordination-planning/PA-3/ (texte STARS du crédit PA-3, ligne 4)"
PA3_t3_1,tudublin,text,PA-3,"année citée dans le texte STARS (PA-3) : « … vices) staff member (legislated within the TU Act ). As of Feb ___, non-academic and academic staff that are members … »",2025,2025.0,année,2025,"https://reports.aashe.org/institutions/technological-university-dublin-dublin/report/2024-12-02/PA/coordination-planning/PA-3/ (texte STARS du crédit PA-3, ligne 4)"
PA6_t11_0,tudublin,text,PA-6,"année citée dans le texte STARS (PA-6) : « … In ___, TU Dublin conducted it's first Employee Engageme … »",2024,2024.0,année,2024,"https://reports.aashe.org/institutions/technological-university-dublin-dublin/report/2024-12-02/PA/representation-access/PA-6/ (texte STARS du crédit PA-6, ligne 12)"
PA6_t12_0,tudublin,text,PA-6,"année citée dans le texte STARS (PA-6) : « … In ___, TU Dublin conducted a Survey of Student Engageme … »",2023,2023.0,année,2023,"https://reports.aashe.org/institutions/technological-university-dublin-dublin/report/2024-12-02/PA/representation-access/PA-6/ (texte STARS du crédit PA-6, ligne 13)"
PA11_t0_0,tudublin,text,PA-11,"année citée dans le texte STARS (PA-11) : « … U Dublin campus introduced a smoke free zone on campus from September ___ (Ref, Ref ). … »",2020,2020.0,année,2020,"https://reports.aashe.org/institutions/technological-university-dublin-dublin/report/2024-12-02/PA/wellbeing-work/PA-11/ (texte STARS du crédit PA-11, ligne 1)"
PA13_t2_0,tudublin,text,PA-13,année citée dans le texte STARS (PA-13) : « … iews their contractors' compliance with the National Minimum Wage Act ___ (Ref ) and the Payment of Wages Act (Ref ) … »,2000,2000.0,année,2000,"https://reports.aashe.org/institutions/technological-university-dublin-dublin/report/2024-12-02/PA/wellbeing-work/PA-13/ (texte STARS du crédit PA-13, ligne 3)"
PA13_t2_1,tudublin,text,PA-13,"année citée dans le texte STARS (PA-13) : « … e National Minimum Wage Act (Ref ) and the Payment of Wages Act ___ (Ref ), which legally mandate employers to provi … »",1991,1991.0,année,1991,"https://reports.aashe.org/institutions/technological-university-dublin-dublin/report/2024-12-02/PA/wellbeing-work/PA-13/ (texte STARS du crédit PA-13, ligne 3)"
IL11_t0_0,tudublin,text,IL-11,"année citée dans le texte STARS (IL-11) : « … Between October and, ___, TU Dublin hosted Green Week (Ref ), featuring a … »",2024,2024.0,année,2024,"https://reports.aashe.org/institutions/technological-university-dublin-dublin/report/2024-12-02/IL/innovation-leadership/IL-11/ (texte STARS du crédit IL-11, ligne 1)"
IL18_t1_0,tudublin,text,IL-18,"pourcentage citée dans le texte STARS (IL-18) : « … or Non-Sustainable. The tool (patent pending) has an accuracy of over ___ across all SDGs, making it the most accurate tool … »",86%,86.0,%,86 %,"https://reports.aashe.org/institutions/technological-university-dublin-dublin/report/2024-12-02/IL/innovation-leadership/IL-18/ (texte STARS du crédit IL-18, ligne 2)"
